DIH Name;Location;City;Country;Website;NUTS2 Code ;NUTS2 Name 
Aachen DIH Center for Robotics in Healthcare;Pauwelsstraße 30;Aachen;Germany;http://www.robotics.ukaachen.de/;DEA2;Köln
Aalen University / Transfer Platform Industry 4.0;Beethovenstraße, 1;Aalen;Germany;http://www.hs-aalen.de/;DE11;Stuttgart
Aarhus University Centre for Digitalisation, Big Data and Data Analytics (DIGIT);Finlandsgade 22;Aarhus;Denmark;http://www.digit.au.dk;DK04;Midtjylland
Accelerating Photonics innovation for SME’s (ACTPHAST 4.0);Brussels Photonics B-PHOT, Vrije Universiteit Brussel, Pleinlaan 2, B-1050, Belgium;Brussel;Belgium;http://www.actphast.eu;BE10;Région de Bruxelles-Capitale / Brussels Hoofdstedelijk Gewest
ADAPT Centre;O'Reilly Building, Trinity College Dublin;Dublin;Ireland;https://www.adaptcentre.ie/;IE02;Southern and Eastern (NUTS 2013)
AddedValue;Podmanitczky utca 49 (5525 Füzesgyarmat, Vécsei utca 8.);Budapest;Hungary;https://www.addedvalueinstitution.com/?page_id=178;HU10;Közép-Magyarország (NUTS 2013)
Advanced Forming Research Centre (SRMDIH);85 Inchinnan Dr, Inchinnan, Renfrew;Glasgow;United Kingdom;https://www.strath.ac.uk/research/advancedformingresearchcentre/;UKM3;South Western Scotland (NUTS 2013)
Advanced Manufacturing Digital Innovation Hub;Savanorių pr. 176c-804;Vilnius;Lithuania;http://intechcentras.lt/services/advanced-manufacturing-digital-innovation-hub/?lang=en;LT00;Lietuva (NUTS 2013)
Aerospace Valley;Bâtiment B612, 3 Rue Tarfaya,;Toulouse;France;http://www.aerospace-valley.com/;FR62;Midi-Pyrénées (NUTS 2013)
AFIL - Lombardy Intelligent Factory Association;via Ercole Oldofredi, 23;Milano;Italy;http://www.afil.it/;ITC4;Lombardia
AGENCIA GALLEGA DE LA CALIDAD ALIMENTARIA;LUGAR DE QUIAN SERGUDE S/N;BOQUEIXON A CORUNA;Spain;;ES11;Galicia
AGORIA;August Reyerslaan, 80;Brussels;Belgium;http://www.agoria.be;BE10;Région de Bruxelles-Capitale / Brussels Hoofdstedelijk Gewest
AGRARGAZDASAGI KUTATO INTEZET;ZSIL 3-5;BUDAPEST;Hungary;;HU10;Közép-Magyarország (NUTS 2013)
Agri Sud Ouest Innovation;8 Chemin de la Crouzette;Auzeville-Tolosane;France;https://www.agrisoi.fr/;FR62;Midi-Pyrénées (NUTS 2013)
AgriFood Croatia;Put gimnazije 2;Sibenik;Croatia;https://agrifoodcroatia.com/;HR04;Kontinentalna Hrvatska
AgriFood Lithuania DIH;Mokslininku st. 2A;Vilnius;Lithuania;https://www.agrifood.lt/;LT00;Lietuva (NUTS 2013)
Agro Space DIH;Mokslininku 6A;Vilnius;Lithuania;http://www.vpva.lt/agrospacedih/;LT00;Lietuva (NUTS 2013)
AgroHub.BG;str. G.Danchov 30,fl. 8;Plovdiv;Bulgaria;https://agrohub.bg/;BG41;Yugozapaden
AI Hub East Netherlands;Laan van Malkenschoten 40;Apeldoorn;Netherlands;https://www.aihub-oost.nl/en;NL22;Gelderland
AIR4S - Artificial Intelligence & Robotics for Sustainable Development Goals;C/ Ramiro de Maeztu 7;Madrid;Spain;http://www.upm.es/dih-air4s;ES30;Comunidad de Madrid
AI4GALICIA: Artificial Intelligence for Galicia;Universidade da Coruña. Campus de Elviña s/n 15071, A Coruña (Spain);A Coruna;Spain;http://ai4galicia.eu;ES11;Galicia
Algarve Smart Destination, Digital Innovation Hub;Universidade do Algarve, Campus de Gambelas, Pavilhão B1;Faro;Portugal;http://www.algarvesmartdestination.com;PT15;Algarve
Algebra LAB;Ilica 242;Zagreb;Croatia;https://www.algebra.hr/lab/;HR04;Kontinentalna Hrvatska
Alma Mater Studiorum - Università di Bologna;Via Zamboni 33;bologna;Italy;https://www.unibo.it/;ITH5;Emilia-Romagna
am-LAB;Zanati u. 32-36;Szombathely;Hungary;http://www.amlab.hu;HU22;Nyugat-Dunántúl
Amsterdam Data Science (ADS);Free University,  Room T3.06b, De Boelelaan 1105;Amsterdam;Netherlands;http://amsterdamdatascience.nl;NL32;Noord-Holland
AMSYSTEMS Center;De Rondom, 1;Eindhoven;Netherlands;http://amsystemscenter.com/;NL41;Noord-Brabant
Andalucía Agrotech Digital Innovation Hub;Tabladilla s/n;Sevilla;Spain;https://www.andaluciaagrotech.com/;ES61;Andalucía
API-K Lab;54 ZA de Tire Poix EUREKALP;saint vincent de mercuze;France;https://api-k.com/en/api-k-lab/;FR71;Rhône-Alpes (NUTS 2013)
Application Center for Automation in Healthcare;Theodor-Kutzer-Ufer 1-3;Mannheim;Germany;https://pamb.ipa.fraunhofer.de/en.html;DE12;Karlsruhe
Application Center Industrie 4.0            ;Allmandring 35;Stuttgart;Germany;https://www.ipa.fraunhofer.de/en/cooperation/industry-on-campus/application-center-industrie-40.html;DE11;Stuttgart
Apulia CPS/IoT Hub for Regional Digital Manufacturing SMEs;Via Amendola, 172;BARI;Italy;http://www.dihapulia.it/web/;ITF4;Puglia
Arctic Development Environments Cluster;Tietokatu 1;Kemi;Finland;https://ardico.fi/portal#/go-digital;FI1D;Pohjois- ja Itä-Suomi
Arctic Drone Labs;Yliopistokatu 9;OULU;Finland;https://www.arcticdronelabs.com;FI1D;Pohjois- ja Itä-Suomi
Arctic Game Lab;Storgatan 53;Skelleftea;Sweden;http://arcticgamelab.com/en/;SE33;Övre Norrland
AREA Science Park - IP4FVG;Padriciano, 99;Trieste;Italy;http://www.ip4fvg.it;ITH4;Friuli-Venezia Giulia
ARSCONTROL;Tecnopolo, Piazzale Europa, 1, 42124 Reggio Emilia RE, Italia;Reggio Emilia;Italy;http://www.arscontrol.org;ITH5;Emilia-Romagna
ART-ER-DIH;via Piero Gobetti, 101;Bologna;Italy;https://www.aster.it/en/aster-dih/;ITH5;Emilia-Romagna
ASSIST4SME – Digital Transformation of SME through Assistive Systems in Production;Im Stadtgut A2;Steyr;Austria;https://www.profactor.at/open-labs/cognitive-robotics-and-factory-hub/;AT31;Oberösterreich
Associació Clúster Digital de Catalunya;Carrer Bilbao 72, Ed. A, Complex Cornerstone;Barcelona;Spain;http://www.clusterdigital.cat;ES51;Cataluña
Association de Coordination Technique Agricole;rue de Bercy 149;Paris;France;;FR10;Île de France
ASSOCIATION POUR LE DEVELOPPEMENT DES RECHERCHES AUPRES DES UNIVERSITES DE L ACADEMIE DE GRENOBL;46 avenue Felix Viallet;GRENOBLE;France;;FR71;Rhône-Alpes (NUTS 2013)
ASTER - SOCIETA CONSORTILE PER AZIONI;VIA PIERO GOBETTI  101;BOLOGNA;Italy;;ITH5;Emilia-Romagna
ASTRID iHUB;Heßlinger Straße 1-5;Wolfsburg;Germany;https://astridhub.com/;DE91;Braunschweig
ASTURIAS DIGITAL INNOVATION HUB;Parque Tecnológico de Asturias;Llanera;Spain;https://www.asturiasindustria40.es/en/;ES12;Principado de Asturias
ATHENA Research and Innovation Center;Artemidos 6 & Epidavrou;Maroussi, Athens;Greece;http://www.athena-innovation.gr;EL30;Attiki
Atlanpole;Chateau de la Chantrerie, BP 90702;Nantes;France;http://www.atlanpole.fr;FR51;Pays de la Loire (NUTS 2013)
Attica Hub for the Economy of Data and Devices- ahedd;Patr. Gregoriou E & 27 Neapoleos Str, Agia Paraskevi;Athens;Greece;http://ahedd.demokritos.gr/;EL30;Attiki
AURIA CLINICAL INFORMATICS (ACI);Auria Clinical Informatics P.O. Box 52, FI-20521 Turku, Finland;Turku;Finland;https://www.auria.fi/tietopalvelu/en/index.php?lang=en;FI1C;Etelä-Suomi
Axelera;Rond-point de l'échangeur  Les levées;Solaize;France;https://www.axelera.org/;FR71;Rhône-Alpes (NUTS 2013)
Azores Digital Innovation Hub;Rua da Tecnologia K – Epsilon, N.º 2, Rosário;Lagoa;Portugal;https://nonagon.pt/dih/;PT20;Região Autónoma dos Açores (PT)
Bar Ilan Institute of Nanotechnology  & Advanced Materials (BINA);Bar-Ilan University Campus;Ramat Gan;Israel;https://nano.biu.ac.il/;;
Barça Innovation Hub (BIHUB);Arístides Maillol s/n;Barcelona;Spain;http://barcainnovationhub.com/;ES51;Cataluña
Barcelona Activa SA SPM;Marie Curie, 8-12  08042 Barcelona;Barcelona;Spain;http://www.barcelonactiva.cat;ES51;Cataluña
Barcelona Science Park;Parc Científic de Barcelona c/ Baldiri Reixac, 10-12, 08028 Barcelona (Spain);Barcelona;Spain;http://www.pcb.ub.edu;ES51;Cataluña
Bar-Ilan Center for Smart Cities;Bar-Ilan University Ramat Gan, 5290002 Israel;Ramat Gan;Israel;https://www.biu-smart-city.com/;;
Basque Digital Innovation Hub (BDIH);Alameda Urquijo 36;Bilbao;Spain;http://www.spri.eus/en/basque-industry/basque-digital-innovation-hub/;ES21;País Vasco
Bavarian Robotic Network (BaRoN);Schleißheimer Str. 90a;Garching bei München;Germany;http://www.robot.bayern;DE21;Oberbayern
BBRI Cluster BIM;Lozenberg 7;Sint-Stevens-Woluwe;Belgium;https://www.bimportal.be/nl/;BE24;Prov. Vlaams-Brabant
BEIA DIH;Peroni 16;Bucharest;Romania;http://www.beia-telecom.ro/bgi/;RO32;Bucuresti - Ilfov
Belgian Building Research Institute (BBRI);Pierre Holoffe 21;Limelette;Belgium;https://www.cstc.be/homepage/;BE31;Prov. Brabant Wallon
Belgrade Robotics Hub - BRH;Bulevar kralja Aleksandra 73;Belgrade;Serbia;http://robot.etf.rs/;;
BIBA- Bremer Institut für Produktion und Logistik GmbH;Hochschulring 20;Bremen;Germany;http://www.biba.uni-bremen.de/;DE50;Bremen
BIC EURONOVA S.A.;Parque Tecnológico de Andalucía, Avda. Juan López Peñalver, 21 29590 - MÁLAGA - ESPAÑA;Málaga;Spain;http://www.bic.es;ES61;Andalucía
BigInsight;Gaustadalleen 23;Oslo;Norway;https://www.biginsight.no;NO01;Oslo og Akershus
Bioindustry Park Silvano Fumero SpA  - bioPmed innovation cluster;Via Ribes, 5;Colleretto Giacosa;Italy;http://www.bioindustrypark.eu;ITC1;Piemonte
BioNanoNet ForschungsGmbH, BNN;Steyrergasse 17;Graz;Austria;http://www.bionanonet.at;AT22;Steiermark
Biorizon;Leeghwaterstraat 44;Delft;Netherlands;http://www.biorizon.eu/;NL33;Zuid-Holland
BioSense Institute - Institute for research and development of information technology in biosystems;BioSense Institute Dr Zorana Djindjica 1;Novi Sad;Serbia;http://biosense.rs/;;
BI-REX - BIG DATA INNOVATION & RESEARCH EXCELLENCE;VIA PAOLO NANNI COSTA 14;BOLOGNA;Italy;https://bi-rex.it/;ITH5;Emilia-Romagna
Blockchain for Trusted Data Ecosystems;Večna pot 113;Ljubljana;Slovenia;https://datatrust.fri.uni-lj.si/;SI04;Zahodna Slovenija
Blockchain Havenbedrijf Rotterdam;Stationsplein, 45;Rotterdam;Netherlands;http://blocklab.nl/;NL33;Zuid-Holland
Blue Science Park;Campus Gräsvik 2;Karlskrona;Sweden;https://www.bluesciencepark.se;SE22;Sydsverige
BlueDIH;Ulica Antuna Gustava Matoša 56;Split;Croatia;https://www.bluedih.com;HR03;Jadranska Hrvatska
BlueHealth Innovation Center suported by Microsoft (BHIC);C-mine, 12;Genk;Belgium;http://www.micvlaanderen.be/;BE22;Prov. Limburg (BE)
BME-EET;Infopark, Magyar tudósok körútja 2, Building Q, section B, 3rd floor;Budapest;Hungary;https://dih.eet.bme.hu/;HU10;Közép-Magyarország (NUTS 2013)
BONEVET;Str. Vëllezerit Frashëri Gjakovë 50000;Prishtina;Kosovo;http://www.bonevet.org/;;
BOOST Smart Industry Hub, East-Netherlands;Laan van Malkenschoten 40;Apeldoorn;Netherlands;https://smartindustryoost.nl;NL22;Gelderland
Booster SPACE4EARTH;Avenue Louis Philibert;Aix en Provence;France;https://www.safecluster.com/booster-space4earth/;FR82;Provence-Alpes-Côte d'Azur (NUTS 2013)
Bottega 4.0 Digital Innovation Hub;Via Gen. Luigi Parisi 42;Cava de’ Tirreni;Italy;https://www.bottega40.it;ITF3;Campania
BOWI - UWB;UNIVERZITNI 8;PILSEN;Czech Republic;https://bowi-network.eu/;CZ03;Jihozápad
Brainport Industries Campus - Factory of the Future;BIC1;Eindhoven;Netherlands;https://www.brainportindustriescampus.com/en;NL41;Noord-Brabant
BrainsBusiness ICT North Denmark;Niels Jernes Vej 10;Aalborg;Denmark;http://www.brainsbusiness.dk/;DK05;Nordjylland
BRANDENBURGISCHE TECHNISCHE UNIVERSITAT COTTBUS-SENFTENBERG;PLATZ DER DEUTSCHEN EINHEIT 1;COTTBUS;Germany;;DE40;Brandenburg
Bridgeway Europe Startup Accelerator, Bridgeway Accelerator;Otona Župančiča 42;Novi Beograd;Serbia;https://www.bridgeway.company/;;
Brightlands Materials Center;Urmonderbaan 22;Geleen;Netherlands;https://www.brightlandsmaterialscenter.com;NL42;Limburg (NL)
Brightlands Smart Services Campus;Smedestraat 2;Heerlen;Netherlands;https://brightlands.com/en/brightlands-smart-services-campus/brightlands-smart-services-campus-smes;NL42;Limburg (NL)
Bristol Robotics Laboratory’s RIF;Frenchay Campus, Coldharbour Lane, Stoke Gifford;Bristol;United Kingdom;http://echord.eu/the-bristol-rif/;UKK1;Gloucestershire, Wiltshire and Bristol/Bath area
Bron Innovation;Storgatan 73;Sundsvall;Sweden;https://www.broninnovation.se;SE32;Mellersta Norrland
BruBotics: Brussels Human Robotics Research Center (VUB);Pleinlaan 2;Brussels;Belgium;https://www.brubotics.eu/;BE10;Région de Bruxelles-Capitale / Brussels Hoofdstedelijk Gewest
Brussels Creative;Louise lane 500;Brussels;Belgium;http://www.brusselscreative.be/;BE10;Région de Bruxelles-Capitale / Brussels Hoofdstedelijk Gewest
Bulgarian Innovation and Technology Hub - DigiTecH 4.0;133 Tsarigradsko Shosse blvd.;Sofia;Bulgaria;http://industry4bg.eu/;BG41;Yugozapaden
Business incubator PISMO;Luke Ilića Oriovčanina square 8;Novska;Croatia;http://inkubator-pismo.eu/en/digital-inovation-hub/;HR04;Kontinentalna Hrvatska
Business Intelligence & Innovation;Hochschulstraße 1;Dornbirn;Austria;https://biih.labs.fhv.at;AT34;Vorarlberg
Business Technology Incubator of Technical Faculties Belgrade (BITF);54, Veljka Dugosevica;Belgrade;Serbia;https://ntpark.rs/bitf-dih/;;
Campania Digital Innovation Hub;Piazza dei Martiri, 58;Napoli;Italy;http://www.campaniadih.it/;ITF3;Campania
CAMPUS 02 R&D Section;CAMPUS 02 University of Applied Sciences, Körblergasse 126;Graz;Austria;https://en.campus02.at/rd/;AT22;Steiermark
Canary Island Digital Innovation Hub (CIDIHub);Santiago Cuadrado, 30;Santa Cruz de Tenerife;Spain;http://www.avantalia.net/dih_canarias.html;ES70;Canarias (ES)
Cap Digital;14 rue Alexandre Parodi;Paris;France;http://www.capdigital.com/;FR10;Île de France
Catalonia AI DIH;Carrer de Bilbao, 72 A Building;Barcelona;Spain;https://www.bigdatabcn.com/en/catalonia-ai-dih/;ES51;Cataluña
Catalonia Digital Innovation Hub (DIH4CAT);Paseo de Gracia 129, 08008 Barcelona, Cataluña;Barcelona;Spain;https://dih4cat.cat/;ES51;Cataluña
CCI/Quai Alpha;1, Place du General de Gaulle;Epinal;France;https://www.quai-alpha.com/digital-innovation-hub/;FR41;Lorraine (NUTS 2013)
CDP - Center for Digital Production;Seestadtstrasse 27/10;Wien;Austria;https://www.acdp.at;AT13;Wien
CEA Leti Health;Avenue des Martyrs 17;Grenoble;France;http://www.cea-tech.fr/cea-tech/english/Pages/application-sectors/human-health-and-environment-thematic.aspx;FR71;Rhône-Alpes (NUTS 2013)
CEA LITEN Advanced Materials for Energy Hub;17 Avenue des Martyrs;Grenoble;France;http://liten.cea.fr/cea-tech/liten;FR71;Rhône-Alpes (NUTS 2013)
CeADAR: Ireland's Centre for Applied AI;Belfield Office Park, Unit9;Dublin;Ireland;https://www.ceadar.ie/;IE02;Southern and Eastern (NUTS 2013)
CEFRIEL SOCIETA CONSORTILE A RESPONSABILITA LIMITATA;VIA RENATO FUCINI  2;MILANO;Italy;;ITC4;Lombardia
Center Denmark;Kokbjerg 30;Kolding;Denmark;https://www.centerdenmark.com/;DK03;Syddanmark
Center Digitisation District Böblingen (ZD.BB);Danziger Straße 6;Böblingen;Germany;https://www.zd-bb.de;DE11;Stuttgart
Center Digitisation.Bavaria, ZD.B;Lichtenbergstr. 8;Garching;Germany;https://zentrum-digitalisierung.bayern;DE21;Oberbayern
Center for Technology Transfer and Innovations - INNOFEIT;Rugjer Boskovic 18;Skopje;North Macedonia;http://inno.feit.ukim.edu.mk/;MK00;Poranesna jugoslovenska Republika Makedonija
Central Macedonia Digital Innovation Hub on Agrofood;Dioikitirio;Thessaloniki;Greece;http://www.thessinnozone.gr/;EL52;Kentriki Makedonia
Centre de recherche en aéronautique ASBL, Cenaero;Rue des Frères Wright 29;Gosselies;Belgium;http://www.cenaero.be/;BE32;Prov. Hainaut
Centre d'Innovació i Tecnologia de la UPC (CIT UPC);Jordi Girona 31;Barcelona;Spain;https://cit.upc.edu/en;ES51;Cataluña
Centre for Advanced Manufacturing Technologies, Wroclaw University of Science and Technology;Lukasiewicza 5 street;Wroclaw;Poland;http://www.camt.pl/index.php/en/home-en/;PL51;Dolnoslaskie
Centre for Lightweight Structures;PO Box 153;EMMELOORD;Netherlands;https://www.nlr.nl/;NL21;Overijssel
CENTRE FOR RESEARCH AND TECHNOLOGY HELLAS;6th km Harilaou - Thermi Rd;Thermi - Thessaloniki;Greece;https://www.certh.gr/;EL52;Kentriki Makedonia
Centre Val de Loire Digital Innovation Hub;6, rue du Carbone;ORLEANS;France;https://www.devup-centrevaldeloire.fr/dih;FR24;Centre (FR) (NUTS 2013)
Centre 4.0 Igor Sikorsky Kyiv Polytechnic Institute;37, Prosp. Peremohy;Kyiv;Ukraine;https://kpi.ua/;;
Centro Nacional de Tecnología de Riegos (CENTER);"Camino de la Vega s/n ;  28830 San Fernando de Henares (Madrid)";San Fernando de Henares (Madrid);Spain;http://www.mapama.gob.es/es/desarrollo-rural/temas/centro-nacional-tecnologia-regadios/;ES30;Comunidad de Madrid
CETMA - Technologies Design and Materials European Research Centre;S.S.7 Km.706 + 030, 72100 Brindisi;BRINDISI;Italy;http://www.cetma.it/;ITF4;Puglia
Cicero DIH Lazio;Via Andrea Noale, 206;Roma;Italy;http://cicero.italian-dih.eu;ITI4;Lazio
Cineca Consorzio Interuniversitario;VIA MAGNANELLI, 6/3;CASALECCHIO DI RENO BO;Italy;https://www.cineca.it/;ITH5;Emilia-Romagna
CITC-EuraRFID;165 avenue de Bretagne;Lille;France;http://www.iotcluster.fr;FR30;Nord - Pas-de-Calais (NUTS 2013)
CiTyInnoHub;Bd. Mamaia, nr. 124;Constanta;Romania;http://cityinnohub.univ-ovidius.ro/;RO22;Sud-Est
CityLab Brainport Eindhoven;Lardinoisstraat 10;Eindhoven;Netherlands;https://citylabacademy.nl/;NL41;Noord-Brabant
Cluj IT Cluster;Dorobantilor Street, 57A;Cluj-Napoca;Romania;http://www.clujit.ro/;RO11;Nord-Vest
Cluster ICT, media and creative industries Berlin-Brandenburg;Fasanenstr. 85;Berlin;Germany;http://digital-bb.de/en/home;DE30;Berlin
Cluster of Sustainable Building of Andalusia;Calle Angustias 99;Padul;Spain;http://clustercsa.com/;ES61;Andalucía
CNA Emilia Romagna - CNA HUB 4.0;Via Rimini 7;Bologna;Italy;https://www.cnaemiliaromagna.it/en/cna-hub-4-0/;ITH5;Emilia-Romagna
ComoNExT Innovation Hub;Via Cavour 2;Lomazzo;Italy;https://www.comonext.it/;ITC4;Lombardia
Competence Centre Mittelstand 4.0 Berlin;Potsdamer Straße 7, Potsdamer Platz;Berlin;Germany;https://gemeinsam-digital.de/;DE30;Berlin
Compound Semiconductor Applications Catapult;Caspian PointOne, Pierhead Street;Cardiff;United Kingdom;https://csa.catapult.org.uk;UKL2;East Wales
Confapi Digital Innovation Hub;Via della Colonna Antonina 52;Rome;Italy;https://www.confapi.org/it/digital-innovation-hub-confapi.html;ITI4;Lazio
Confirm | Research Centre for Smart Manufacturing;University of Limerick, Limerick, Republic of Ireland.;Limerick;Ireland;https://confirm.ie/dih/;IE02;Southern and Eastern (NUTS 2013)
Connected Mobility Hub;C/ Piamonte, 23. 28004, Madrid;Madrid;Spain;https://connectedmobilityhub.com/;ES30;Comunidad de Madrid
Connectwave;5 avenue de Maneou;Rousset;France;http://www.centrenational-rfid.com/;FR82;Provence-Alpes-Côte d'Azur (NUTS 2013)
CONNECT5;Edifício Central, PCI · Creative Science Park Aveiro Region, Via do Conhecimento;ilhavo;Portugal;https://www.connect5.pt;PT16;Centro (PT)
CONSORZIO INTELLIMECH;VIA CAMOZZI 70;BERGAMO;Italy;;ITC4;Lombardia
Copenhagen Fintech;Applebys Pl., 7;Copenhagen;Denmark;http://copenhagenfintech.dk/;DK01;Hovedstaden
CP Lab Newcastle;USB 1 Science Square;Newcastle Unpon Tyne;United Kingdom;https://research.ncl.ac.uk/cplab/;UKC2;Northumberland and Tyne and Wear
CPI;The Neville Hamlin Building, Thomas Wright Way;Sedgefield;United Kingdom;https://www.uk-cpi.com/;UKC1;Tees Valley and Durham
Cranfield University Digital Innovation Hub;316, Conway House, Cranfield University, Cranfield;Bedford;United Kingdom;https://www.cranfield.ac.uk/digitalinnovationhub;UKH2;Bedfordshire and Hertfordshire
C.R.E.A.T.E. Consorzio di Ricerca per l'Energia, l'Automazione e le Tecnologie dell'Elettromagnetismo;Via Claudio 21;Napoli;Italy;https://www.create.unina.it;ITF3;Campania
CREATE-NET (CENTER FOR RESEARCH AND TELECOMMUNICATION EXPERIMENTATION FOR NETWORKED COMMUNITIES);VIA ALLA CASCATA 56 D;TRENTO;Italy;;ITH2;Provincia Autonoma di Trento
CROBOHUB Croatian Robotics Digital Innovation Hub;Unska 3;Zagreb;Croatia;http://www.icent.hr/en/crobohub/;HR04;Kontinentalna Hrvatska
CroTechHub;Bukovačka cesta 105;Zagreb;Croatia;http://crotechhub.com;HR04;Kontinentalna Hrvatska
Cybermate - Your Digital Innovation Hub;Via Giovanni Porzio 14/15, Is. G2;Naples;Italy;https://www.cybermate.org/en/;ITF3;Campania
CYBERSEC HUB;Feldmana, 4/9-1;"Krak&#243;w";Poland;http://cybersechub.eu/;PL21;Malopolskie
CybersecRDI: Cybersecurity Research, Development and Innovation Hub;Unska 3;Zagreb;Croatia;http://www.icent.hr/en/CybersecRDI/;HR04;Kontinentalna Hrvatska
Cybersecurity Innovation HUB;Avenida Jóse Aguado, 41.;León;Spain;https://www.cyberdih.com/;ES41;Castilla y León
Cybersecurity innovation hub (DIH – CZ);Šumavská 15;Brno;Czech Republic;http://www.cybersecuritydih.cz;CZ06;Jihovýchod
Cyprus Digital Innovation Hub;28th Octovriou Avenue, Engomi, 72;Nicosia;Cyprus;https://www.cyric.eu/cydi_hub/;CY00;Kypros
Cyprus University of Technology Robotics, Control, and Decision Systems DIH (RCDS - DIH);45 Kitiou Kyprianou Street;Limassol;Cyprus;https://www.rcdslab.org;CY00;Kypros
Czech Institute of Informatics, Robotics, and Cybernetics;Jugoslávských partyzánů 1580/3;Praha 6;Czech Republic;https://www.ciirc.cvut.cz/;CZ01;Praha
Danish Technological Institute, Robot Technology;Forskerparken 10F;Odense;Denmark;https://www.dti.dk/robot;DK03;Syddanmark
Dansk Produktions Univers;Vejlevej 21,;Hedensted;Denmark;http://www.danskproduktionsunivers.dk/;DK04;Midtjylland
Danube Digital Innovation Hub;Bd Galati nr 3;Galati;Romania;https://danubedih.ro/;RO22;Sud-Est
Data Market Austria (DMA);Leopoldskronstraße 30;Salzburg;Austria;http://datamarket.at;AT32;Salzburg
Data Science and Artificial Intelligence (DASAI);Daniel Saucedo Aranda, s/n, 18071, Granada (Spain);Granada;Spain;https://dasciihub.dasci.es/;ES61;Andalucía
DATAlife;Edif. Emprendia, Campus Vida, S/N, USC;Santiago de Compostela;Spain;http://dihdatalife.com/;ES11;Galicia
Deli - Space for creative activity;Davidova 2a;"Ni&#353;";Serbia;http://deli.rs;;
Demola-Budapest;Egry Jozsef utca 18;Budapest;Hungary;https://budapest.demola.net/;HU10;Közép-Magyarország (NUTS 2013)
DEX Innovation Centre DIH;Rumjancevova 696/3;Liberec;Czech Republic;https://dex-ic.com/;;
DFKI Human Centric AI Innovation Hub;Trippstadter Str. 122;Kaiserslautern;Germany;https://www.dfki.de/en/web/;DEB3;Rheinhessen-Pfalz
DIATOMIC Health;Rua Pedro Nunes, Coimbra;Coimbra;Portugal;https://diatomic.eu/DiatomicPortal/#/app-h/dihs?dihId=2;PT16;Centro (PT)
DIEX - Digital Experience;Via Casabianca, 3;San Vito al Tagliamento;Italy;http://www.diex.it;ITH4;Friuli-Venezia Giulia
DigiCenterNS;Microkatu 1, Kuopio;Kuopio;Finland;https://www.digicenterns.fi/en/home/;FI1D;Pohjois- ja Itä-Suomi
DIGIHALL;Centre d'Intégration Nano Innov, 8 Avenue de la Vauve, 91127 Palaiseau Cedex;Palaiseau;France;http://www.digihall.fr;FR10;Île de France
Dig-I-Hub Kecskemét;Izsáki út 8.;Kecskemét;Hungary;http://iqkecskemet.hu/dih-kecskemet/;HU33;Dél-Alföld
DIGIMAT: South Moravian Digital Manufacturing Hub;Blanenská 1288/27;Kuřim;Czech Republic;http://www.dih-digimat.cz;CZ06;Jihovýchod
DIGIPARC - Digital Partnership Centre;Trg Riječke rezolucije 4;Rijeka;Croatia;https://dih.par.hr/;HR03;Jadranska Hrvatska
DIGIS3 - Smart, Sustainable and coheSive Digitalization;Plaza del Ayuntamiento 1;Carbajosa de la Sagrada;Spain;https://digis3.eu/en;ES41;Castilla y León
DigIT Hub Sweden;Mobilvägen 10;Lund;Sweden;https://mobileheights.org/european-digital-innovation-hub-skane-edih-skane/;SE22;Sydsverige
Digital Catapult;101 Euston Road;London;United Kingdom;https://www.digitalcatapultcentre.org.uk;UKI3;Inner London - West
Digital Farming Hub;PARQUE DE GARDENY,  EDIFICIO H3;Lleida;Spain;http://digitalfarm.femac.org/index.php/en/home/;ES51;Cataluña
Digital Health & Care Institute;1st Floor, Suite B, Inovo Building, 121 George Street, Glasgow;Glasgow;United Kingdom;http://www.dhi-scotland.com;UKM3;South Western Scotland (NUTS 2013)
Digital Health-Biosciences (DIH·bio);Trimodular-Zenit Building, Street.  Nicolás Cabrera, nº 7 – 28049 Madrid;Madrid;Spain;https://www.knode.eu/en/dihbio;ES30;Comunidad de Madrid
Digital Hub Bonn;Rheinwerkallee 6;Bonn;Germany;http://www.digitalhub.de;DEA2;Köln
Digital Hub Logistics;Emil-Figge-Str. 76;Dortmund;Germany;http://www.digitalhublogistics.com;DEA5;Arnsberg
Digital Impulse Hub;Blasco de Garay, 29-49;Terrassa;Spain;https://digitalimpulsehub.eu;;
Digital Innovation Hub Basilicata;Via di Giura;Potenza;Italy;http://www.confindustria.basilicata.it/;ITF5;Basilicata
DIGITAL INNOVATION HUB BELLUNO DOLOMITI;Via Cristoforo Colombo, 11;FELTRE;Italy;https://digitalhub.belluno.it/;ITH3;Veneto
Digital Innovation Hub (DIH) West;Ing.-Etzel-Straße 17;Innsbruck;Austria;https://dih-west.at/;AT33;Tirol
Digital Innovation Hub Emilia-Romagna;Via Barberia 13, 40123 Bologna (Italy);Bologna;Italy;https://cerr.eu/en/projects/dih-er;ITH5;Emilia-Romagna
Digital Innovation Hub for AI and Cybersecurity (DIH4AISec);Appelstr. 9a;Hannover;Germany;https://www.l3s.de/en/innovation/hub;DE92;Hannover
Digital Innovation Hub for Smart Manufacturing;Plese, 9a;Murska Sobota;Slovenia;http://www.p-tech.si;SI03;Vzhodna Slovenija
Digital Innovation Hub for Society (DIH4S);Memorandumului 28 400641 Cluj-Napoca;Cluj-Napoca;Romania;https://www.dih4society.ro;RO11;Nord-Vest
Digital Innovation Hub for the Galician Agrifood Sector (Part of the Bioeconomy Hub);Axencia Galega de Innovación – GAIN Rúa Airas Nune;Santiago de Compostela;Spain;http://www.polodeinnovaciondixital.org;ES11;Galicia
Digital Innovation Hub for 3D printing (3DJPU);Zagrebacka 30;Pula;Croatia;www.unipu.hr;HR03;Jadranska Hrvatska
Digital Innovation Hub Liguria;Via Melen 77;Genova;Italy;http://www.dihliguria.it;ITC3;Liguria
Digital Innovation Hub Lombardia;Via Pantano, 9;Milano;Italy;http://www.dihlombardia.com;ITC4;Lombardia
Digital Innovation Hub Oceanopolis;Tordenskjoldgate 9;Kristiansand;Norway;https://www.dihoceanopolis.com;NO04;Agder og Rogaland
Digital Innovation Hub of Eastern Slovenia (DIGITECH SI -East);Kidričeva 25;Celje;Slovenia;http://digitech-si-east.eu;SI03;Vzhodna Slovenija
Digital Innovation Hub on Livestock, Environment, Agriculture & Forest (DIH-LEAF);Plaza Misael Bañuelos s/n;Burgos;Spain;https://www.dih-leaf.eu;ES41;Castilla y León
Digital Innovation Hub ONEX - Banja Luka;Veljka Mlađenovića bb 78000 Banja Luka, BiH;Banja Luka;Bosnia and Herzegovina;http://onex.digital;;
Digital Innovation Hub Piemonte;Corso Stati Uniti 38;Torino;Italy;http://www.dih.piemonte.it;ITC1;Piemonte
Digital Innovation Hub Sardegna;Piazza Deffenu 14;Cagliari;Italy;https://www.dihsardegna.eu/;ITG2;Sardegna
Digital Innovation Hub Slovenia;Dimičeva 13;Ljubljana;Slovenia;http://dihslovenia.si/;SI04;Zahodna Slovenija
Digital Innovation Hub Smart Manufacturing in Zuid-Holland SMIZH;Pr. Margrietplantsoen 32;Den Haag;Netherlands;https://www.innovationquarter.nl/;NL33;Zuid-Holland
Digital Innovation Hub 'Smart Production Systems Saxony' – InnoSax;Reichenhainer Straße, 88;Chemnitz;Germany;http://innosax-smartproductionsystems.de;DED4;Chemnitz
DIGITAL INNOVATION HUB „Smart Society“;NEMUNO STREET 2;KLAIPEDA;Lithuania;https://smartsociety.lt/;LT00;Lietuva (NUTS 2013)
Digital Innovation Hub South Tyrol;Volta Street 13A;Bolzano;Italy;http://www.noi.bz.it;ITH1;Provincia Autonoma di Bolzano/Bozen
Digital Innovation Hub Toscana;Piazza della Repubblica, 6 ;Firenze;Italy;https://www.confindustria.toscana.it/digital-innovation-hub-toscana/;ITI1;Toscana
Digital Innovation Hub Trentino-Alto Adige/Suedtirol;via degasperi 77;Trento;Italy;https://dih-taa.eu/digital-innovation-hub-trentino/;ITH2;Provincia Autonoma di Trento
Digital Innovation Hub Vicenza;Via Enrico Fermi 134;Vicenza;Italy;https://www.digitalinnovationhubvicenza.it;ITH3;Veneto
Digital Innovation SMART eHUB;Strada Nicolare Iorga 34-36, Bucureşti;Bucharest;Romania;https://smartehub.ro/;RO32;Bucuresti - Ilfov
Digital Manufacturing Innovation Hub Wales (DMIW);Waterton Technology Centre, Waterton Industrial Estate, Bridgend;Bridgend;United Kingdom;http://www.dmiw.co.uk;UKL1;West Wales and The Valleys
Digital Media Innovation Hub;T.Sevcenkos 16A;Vilnius;Lithuania;https://digitalmediahub.eu;LT00;Lietuva (NUTS 2013)
Digital Silver Economy (DIHDSE);Plaza de Viriato, s/n;Zamora;Spain;https://www.dihsilvereconomy.com/en;ES41;Castilla y León
Digital Water Innovation Hub (Digital Water);Parc de Gardeny, Edifici H3,  Planta baixa;Lleida;Spain;https://eurecat.org/en/centres-of-excellence/centre-for-water-management-excellence/;ES51;Cataluña
Digitalizuj.Me;Vojvode Masa, Djurovica Lamela 3-1;Podgorica;Montenegro;http://digitalizuj.me;ME00;Crna Gora
DigitalLead;Aalborg, Aarhus, Copenhagen, Vejle;Aarhus, Aalborg, Copenhagen, Vejle;Denmark;https://digitallead.dk/;DK04;Midtjylland
DigitalNorway;Gaustadalléen 21;Oslo;Norway;https://www.digitalnorway.com/;NO01;Oslo og Akershus
DigitalPlace;12 rue Louis Courtois de Vicose;Toulouse;France;https://www.digitalplace.fr/;FR62;Midi-Pyrénées (NUTS 2013)
DIGI2Health;Šlechtitelů 21, Olomouc;Olomouc;Czech Republic;https://www.digi2health.com/;CZ07;Strední Morava
DIH - Calabria;Via Tocci 2/C;Cosenza;Italy;https://www.dihcalabria.it/;ITF6;Calabria
DIH AGRIFOOD - Digital Innovation Hub for Agriculture and Food production;Lendavska ulica 5a;Murska Sobota;Slovenia;http://itc-cluster.com/dih-agrifood/;SI03;Vzhodna Slovenija
DIH- Confartigianato Ancona - Pesaro e Urbino;Via Fioretti 2/a;ANCONA;Italy;http://www.confartigianatoimprese.net/content/servizi-corsi-digital-innovation-hub-confartigianato-ancona;ITI3;Marche
DIH for digital twins of logistics systems and manufacturing processes and systems (DIH_DiTMaPS);Askerceva 6;Ljubljana;Slovenia;http://dih-ditmaps.si;SI04;Zahodna Slovenija
DIH High Tech Software Cluster;BIC 1;Eindhoven;Netherlands;https://hightechsoftwarecluster.nl/digital-innovation-hub/;NL41;Noord-Brabant
DIH Marche - 4M.0;Via Bianchi snc;Ancona;Italy;http://www.4m0.it/;ITI3;Marche
DIH North;Trg dr. Žarka Dolinara 18;Koprivnica;Croatia;https://www.dih-north.eu/;HR04;Kontinentalna Hrvatska
DIH on Healthcare – Basque Country (SALUD 4.0);Eusko Jaurlaritza / Gobierno Vasco C/ Donostia-1;Vitoria;Spain;https://dih-hero.eu/;ES21;País Vasco
DIH PANNONIA;A. Aksamovica 31;Vinkovci;Croatia;https://www.ra-vsz.hr/en;HR04;Kontinentalna Hrvatska
DIH Sicilia;Viale Vittorio Veneto, 109 c/o Confindustria Catania;Catania;Italy;http://www.dihsicilia.it/;ITG1;Sicilia
DIH Tartu;J. Liivi 2;Tartu;Estonia;https://www.cs.ut.ee/en/DIHTartu;EE00;Eesti
DIH TECHNICOM (organisation unit of the University Science Park TECHNICOM);Nemcovej 5;KOSICE;Slovakia;https://dihtechnicom.tuke.sk/;SK04;Východné Slovensko
DIH TERA;Trg Ljudevita Gaja 6;Osijek;Croatia;http://www.tera.hr;HR04;Kontinentalna Hrvatska
DIH Udine;Largo Carlo Melzi 2;Udine;Italy;http://www.dih.ud.it;ITH4;Friuli-Venezia Giulia
DIH UM;Slomškov trg 15, 2000 Maribor, Slovenia;Maribor;Slovenia;http://dih.um.si/en/;SI03;Vzhodna Slovenija
DIH West Region Romania;Gheorghe Lazar, nr 14, Timisoara;Timisoara;Romania;https://adrvest.ro/digital-innovation-hub/;RO42;Vest
DIH-BAITUR: Digital Innovation Hub of the Balearic Islands for Artificial Intelligence and Tourism;Parc Bit;Palma;Spain;http://www.dihbai-tur.com;ES53;Illes Balears
DIHBU Industry 4.0;C/ López Bravo nº 70.;Burgos;Spain;https://dihbu-industry.fundingbox.com/;ES41;Castilla y León
DIHGIGAL - Digital Innovation Hub of Galician Industry;Avenida de Citroën, 3 y 5;Vigo;Spain;https://dihgigal.com/;ES11;Galicia
DIHNAMIC - Digital Innovation Hub for Nouvelle-Aquitaine Manufacturing Industry Community;14 rue François Sourdis;Bordeaux;France;https://www.dihnamic.eu;FR61;Aquitaine (NUTS 2013)
DIHOST - Digital Innovation Hub OST;Niederösterreichring 2;St. Pölten;Austria;https://dih-ost.at/;AT12;Niederösterreich
DIHV;Via E. Lampridio Cerva 87A;Rome;Italy;http://www.dihv.it/;ITI4;Lazio
DIH4.AI;Al. Grunwaldzka 135A;Gdansk;Poland;https://dih4.ai/;PL63;Pomorskie
Dinapsis DIH;Avenida Alfonso Puchades  nº3;Benidorm;Spain;https://www.dinapsis.es/dih-dinapsis/;ES52;Comunidad Valenciana
DISTRITO DIGITAL COMUNIDAD VALENCIANA;Avda. Jean Claude Combaldieu s/n Ciudad de la Luz, Edificio de Apoyo a Producción 3;ALICANTE;Spain;https://distritodigitalcv.com/;ES52;Comunidad Valenciana
Dutch Optics Centre (DOC);Stieltjesweg 1;Delft;Netherlands;http://www.dutchopticscentre.com/;NL33;Zuid-Holland
Ecipa Nordest Hub;Via della Pila, 3b;Venezia;Italy;http://www.ecipahub.eu/;ITH3;Veneto
Ecosistema W;C/ Virgen de la Soledad 22;Badajoz;Spain;http://www.conectoride.com/;ES43;Extremadura
EcoSysTem Hub for the promotion of hIgh perforMance compUting cloud-based modeLling and sImulation services;Universitat Autonoma avenue, 23;Barcelona;Spain;http://www.stimuli.cat/;ES51;Cataluña
EDI DIH;14 Dzerbenes street;Riga;Latvia;https://www.edi.lv;LV00;Latvija
EDI.it - Digital Innovation Ecosystem;Piazza Giuseppe Gioacchino Belli 2;Rome;Italy;https://www.ediconfcommercio.it;ITI4;Lazio
e-Estonia Showroom;Lõõtsa 2 A;Tallinn;Estonia;https://e-estonia.com/;EE00;Eesti
Effiziente Fabrik 4.0;Otto-Berndt-Straße, 2;Darmstadt;Germany;https://www.effiziente-fabrik.tu-darmstadt.de/menue/index.de.jsp;DE71;Darmstadt
EGI DIH;Science Park;Amsterdam;Netherlands;https://www.egi.eu/business/;NL32;Noord-Holland
EIGEN VERMOGEN VAN HET INSTITUUT VOOR LANDBOUW- EN VISSERIJONDERZOEK;Burgemeester Van Gansberghelaan 115 bus 1;Merelbeke;Belgium;;BE23;Prov. Oost-Vlaanderen
EIT Digital Budapest Node;Pázmány Péter sétány, 1/c;Budapest;Hungary;https://www.eitdigital.eu/about-us/locations/budapest-node/;HU10;Közép-Magyarország (NUTS 2013)
EIT Digital Sweden;Isafjordsgatan 26;Kista (Sweden);Sweden;https://www.eitdigital.eu/about-us/locations/stockholm-node/;SE11;Stockholm
ELEKTRONIKAS UN DATORZINATNU INSTITUTS;DZERBENES IELA 14;RIGA;Latvia;;LV00;Latvija
ELEKTROTEHNICKI FAKULTET UNIVERZITET U BEOGRADU;BULEVAR KRALJA ALEKSANDRA  73;BEOGRAD;Serbia;;;
Eliko;Mäealuse, 2/1;Tallinn;Estonia;https://www.eliko.ee/;EE00;Eesti
Embedded System Design & Application Laboratory DIH (ESDALAB DIH);Megalou Alexandrou 1;Patra;Greece;https://dih.esdalab.ece.uop.gr;EL63;Dytiki Ellada
Emerging Transactional and Financial Technology Hub (ETFTH);ul. Migdałowa, 1;Warsaw;Poland;http://fintechpoland.com/en/;PL12;Mazowieckie (NUTS 2013)
Energy Valley;Oksenøveien 10;Lysaker;Norway;https://energyvalley.com/;NO01;Oslo og Akershus
EnergyDataDK;Elektrovej 329A;Kgs. Lyngby;Denmark;https://energydata.dk/en/;DK01;Hovedstaden
EOSC-DIH;Science Park 140;Amsterdam;Netherlands;https://www.eosc-dih.eu;NL32;Noord-Holland
EPCC;Bayes Centre, 47 Potterrow, Edinburgh, EH8 9BT;;United Kingdom;https://www.epcc.ed.ac.uk;UKM2;Eastern Scotland (NUTS 2013)
EPoSS e.V. - European Technology Platform on Smart Systems Integration;Steinplatz 1;Berlin;Germany;https://www.smart-systems-integration.org;DE30;Berlin
E-Secure Transactions Cluster - TES;8 rue léopold sédar senghor;Colombelles;France;https://www.pole-tes.com/;FR25;Basse-Normandie (NUTS 2013)
Eskisehir Osmangazi University Intelligent Factory and Robotics Laboratory (IFARLAB - DIH);Eskişehir Osmangazi University, ESOGU- IFARLAB, Meselik Campus / Eskisehir;Eskisehir;Turkey;https://ifarlab.ogu.edu.tr/;TR41;Bursa, Eskisehir, Bilecik
espaitec Science and Technology Park;Edificio ESPAITEC1, Avda Sos Baynat;Castellon;Spain;http://www.espaitec.uji.es;ES52;Comunidad Valenciana
ETICOM, Digital economy cluster in Andalusia;Avd. Eduardo Dato, 69, 4th floor, 2 office;Seville;Spain;http://www.eticom.com;ES61;Andalucía
European Digital Innovation Hub The Northern Netherlands / Region of Smart Factories;Paterswoldseweg 810;Groningen;Netherlands;https://rosf.nl/dih/;NL11;Groningen
Experience-based industries Hub (e!xperience);Edifici Cornerstone. C/Bilbao, 72;Barcelona;Spain;https://eurecat.org/en/sectors/cultural-and-creative-industries/;ES51;Cataluña
Experimental and Digital Factory (EDF);Erfenschlager Straße, 73;Chemnitz;Germany;https://www.tu-chemnitz.de/mb/FabrPlan/edf.php.en;DED4;Chemnitz
FAB4 Digital Innovation Hub Confartigianato Salerno;Via Michelangelo Testa, 11;Salerno;Italy;http://www.fab4dih.it/;ITF3;Campania
FACHHOCHSCHULE AACHEN;Eupener Straße 70;Aachen;Germany;;DEA2;Köln
FACHHOCHSCHULE ULM;PRITTWITZSTRASSE 10;ULM;Germany;;DE14;Tübingen
Farmers Parliament Latvia Digital Innovation Hub - ZSA DIH;Republikas laukums 2;Riga;Latvia;https://www.smartagro.lv/;LV00;Latvija
Faubourg Numérique;101 rue du general Leclerc;Saint-Quentin;France;http://faubourgnumerique.com/;FR22;Picardie (NUTS 2013)
Finnish Center for Artificial Intelligence (FCAI);Vuorimiehentie 3, Espoo;Espoo;Finland;https://fcai.fi/;FI1B;Helsinki-Uusimaa
FIWARE Innova iHub;Via dell'Acacia 4;Perugia;Italy;https://fiwareinnova.org/;ITI2;Umbria
FIWARE Space;Avenida Javier Blanco Palenciano, s/n;Badajoz;Spain;https://www.fiware.space/;ES43;Extremadura
FIWARE Zone;Concejal Muñoz Cerván 3, Edificio Tabacalera, Módulo 5;Malaga;Spain;https://fiware.zone/;ES61;Andalucía
Flam3D;Technologiepark-Zwijnaarde 935;Zwijnaarde;Belgium;https://www.flam3d.org;BE23;Prov. Oost-Vlaanderen
Flanders' FOOD, FF;Wetenschapsstraat 14a;Brussels;Belgium;http://www.flandersfood.com/;BE10;Région de Bruxelles-Capitale / Brussels Hoofdstedelijk Gewest
Flanders Make vzw;Oude Diestersebaan 133;Lommel;Belgium;https://www.flandersmake.be;;
FONDAZIONE BRUNO KESSLER;Via Sommarive 18;Povo - Trento;Italy;;ITH2;Provincia Autonoma di Trento
FORENINGEN MADE;Vesterbrogade 1E, 4. Sal, blok D;København;Denmark;;DK01;Hovedstaden
FORUM DES LABORATOIRES NATIONAUX EUROPEENS DE RECHERCHE ROUTIERE;Boulevard de la Woluwe  42;Brussels;Belgium;;BE10;Région de Bruxelles-Capitale / Brussels Hoofdstedelijk Gewest
Forum Virium Helsinki;Unioninkatu 24;Helsinki;Finland;http://www.forumvirium.fi;FI1B;Helsinki-Uusimaa
Foundation for innovation and technology development, INTERA Technology Park;Bišće polje;Mostar;Bosnia and Herzegovina;http://www.intera.ba;;
Foundation for Research and Technology – Hellas (FORTH) / PRAXI Network;Kolokotroni 8;Athens;Greece;https://www.praxinetwork.gr;EL30;Attiki
Frankfurt School Blockchain Center (FSBC) at the Frankfurt School of Finance & Management gGmbH (FS);Adickesallee 32-34;Frankfurt am Main;Germany;https://www.frankfurt-school.de/en/home/research/centres/blockchain;DE71;Darmstadt
Fraunhofer Future Work Lab (FWL);Pfaffenwaldring 19;Stuttgart;Germany;http://www.futureworklab.de;DE11;Stuttgart
Fraunhofer IPA - Robot and Assistive Systems;Nobelstr. 12;Stuttgart;Germany;http://www.ipa.fraunhofer.de/robotsystems;DE11;Stuttgart
FREDERICK RESEARCH CENTER;7, Y. Frederickou Str.;Nicosia;Cyprus;;CY00;Kypros
French Tech in the Alps;55, boulevard Vincent Auriol;Paris;France;http://www.lafrenchtech.com/metropole/french-tech-alps;FR71;Rhône-Alpes (NUTS 2013)
Freshteq.nl;Zwethlaan, 52;Honselersdijk;Netherlands;http://www.freshteq.nl/;NL33;Zuid-Holland
Fundación Cajamar;Puerta de Purchena, 10;Almeria;Spain;https://www.cajamar.es/es/agroalimentario/innovacion/;ES61;Andalucía
FUNDACION CENTRO TECNOLOXICO DE TELECOMUNICACIONS DE GALICIA;Edificio CITEXVI - Campus Universitario;Vigo;Spain;;ES11;Galicia
FUNDACION DEUSTO;Avenida de las Universidades  24;Bilbao;Spain;;ES21;País Vasco
FUNDACION PARA LAS TECNOLOGIAS AUXILIARES DE LA AGRICULTURA;AVDA DE LA INNOVACION 23 PARQUE TECNOLOGICO DE ALMERIA EL ALQUIAN;ALMERIA;Spain;;ES61;Andalucía
FUNDACJA ROZWOJU KARDIOCHIRURGII IM PROF ZBIGNIEWA RELIGI;UL. WOLNOSCI  345 A;ZABRZE;Poland;;PL22;Slaskie
Future Cities Catapult;The Urban Innovation Centre, One Sekforde st;London;United Kingdom;http://futurecities.catapult.org.uk;UKI4;Inner London - East
Future Position X;Drottninggatan 18 80320 Gävle;Gävle;Sweden;https://fpx.se/;SE31;Norra Mellansverige
Future Technologies Digital Innovation Hub (FTDIH);Mokslininku st. 2A;Vilnius;Lithuania;https://www.futuredih.eu/;LT00;Lietuva (NUTS 2013)
Futures of Innovation and Technology Digital Innovation Hub;Memorandumului Street, 41;Brasov;Romania;https://digitalinnovationhub.fit/;RO12;Centru
FZI Research Center for Information Technology;Haid-und-Neu-Str., 10-14;Karlsruhe;Germany;http://www.fzi.de/en/home/;DE12;Karlsruhe
Galician Automotive Hub;CTAG. Polígono industrial A Granxa 249-250.;"O Porri&#241;o";Spain;https://ctag.com/;ES11;Galicia
GALician manufACTuring Innovation ConsortiA (GALACTICA);Polígono Industrial de Cataboi SUR-PPI-2 (Sector 2) Parcela 3 36418 O Porriño (Pontevedra);O Porriño;Spain;http://www.galacticaDIH.eu/;ES11;Galicia
Galileo Digital Innovation Hub;Corso Stati Uniti 14 bis;Padova;Italy;https://www.galileovisionarydistrict.it/galileo-digital-innovation-hub/;ITH3;Veneto
GjirafaLab;Ahmet Krasniqi Veranda, Lokali 7;Prishtina;Kosovo;http://www.gjirafalab.com/;;
Global Alliance for Media Innovation (GAMI);72 rue d'Hauteville;Paris;France;https://media-innovation.news/;FR10;Île de France
Globus 2020 S.r.l.;Via G. V. Quaranta 8;Salerno;Italy;https://www.globus2020.com;ITF3;Campania
Good Life for Finland;Kaitoväylä 1;Oulu;Finland;https://www.vttresearch.com/;FI1D;Pohjois- ja Itä-Suomi
Granada Health Technology Park;Avenida del Conocimiento, 33;Granada;Spain;http://www.ptsgranada.com/;ES61;Andalucía
Granada Plaza Tecnológica y Biotecnológica;C/. Maestro Montero 23;Granada;Spain;https://www.ongranada.com/;ES61;Andalucía
GreenSupplyChain DIH;Viktoros Ougko 15;Athens;Greece;https://www.greensupplychain.gr/;EL30;Attiki
Hahn-Schickard Gesellschaft für Angewandte Forschung e.V. (Hahn-Schickard);Wilhelm-Schickard-Str., 10;Villingen-Schwenningen;Germany;https://www.hahn-schickard.de/;DE13;Freiburg
Harbour Innovation Campus;Harbour Innovation Campus Ltd. St. Michaels Pier, Harbour Road, Dún Laoghaire Co. Dublin;Dublin;Ireland;https://harbourcampus.com/;IE02;Southern and Eastern (NUTS 2013)
Haute Ecole Louvain en Hainaut, HELHa;Chaussée de Binche 159;Mons;Belgium;https://www.cerisic.be/;BE32;Prov. Hainaut
Healthday.si - Digital Innovation Hub in Healthcare and Biotech;Tehnološki park 19;Ljubljana;Slovenia;http://www.healthday.si/about-us-and-dih;SI04;Zahodna Slovenija
HPC-Cloud and Cognitive Systems for Smart Manufacturing processes, Robotics and Logistics.;C/ María de Luna 7-9;Zaragoza;Spain;https://www.aragondih.com;ES24;Aragón
HPC4Poland;10 Jana Pawla II st.;Poznan;Poland;http://www.hpc4poland.pl;PL41;Wielkopolskie
HPC5 - High Performance and Cloud Computing Cross-border Competence Consortium;Industrijska cesta 1a;Nova Gorica;Slovenia;https://hpc5.eu/eng/;SI04;Zahodna Slovenija
HUB for Agriculture (HUB4AGRI);Av. Prof. Dr. Cavaco Silva, 33;Lisbon;Portugal;http://hub4agri.com/;PT17;Área Metropolitana de Lisboa
Hub for Digital Innovations (H4DI);Ve Struhach 27, 160 00 Praha 6;Praha;Czech Republic;http://www.H4DI.cz;CZ01;Praha
Hub France IA;8/10 rue Charles V;PARIS;France;http://www.hub-franceia.fr;;
Hub 4.0  of Manufacturing Sectors in  Valencian Region;Universitat Politécnica de Valencia. Instituto Universitario de Automática e Informática Industrial;Valencia;Spain;http://hub4manuval.ai2.upv.es;ES52;Comunidad Valenciana
hub.in Bjelovar;Eugen Kvaternik Square 6;Bjelovar;Croatia;https://www.hubinbjelovar.com/;HR04;Kontinentalna Hrvatska
Hub-laboratory Internet of Things: DIH I4MS Ukraine;12, Stepana Bandery str;L'viv;Ukraine;http://i-hub.lpnu.ua;;
HUBTECS;Bulevar kralja Aleksandra 73;Belgrade;Serbia;http://www.ic.etf.bg.ac.rs/projects/hubtecs/;;
HUB385;Petračićeva 4;Zagreb;Croatia;https://hub385.com/;HR04;Kontinentalna Hrvatska
HUB387;Maglajska 1;Sarajevo;Bosnia and Herzegovina;http://www.hub387.com/;;
iAsturias 4.0;Avda. Jardín Botánico, 1345;Gijon;Spain;http://www.prodintec.es/es/;ES12;Principado de Asturias
ICM - Brain and Spine institute;83 Boulevard de l'Hôpital;Paris;France;http://icm-institute.org/fr/mission/;FR10;Île de France
ICT HUB;Kralja Milana 10;Belgrade;Serbia;http://icthub.rs/;;
ICT4Manuf;IUT Lumière Lyon 2, 160 Boulevard de l'Université;BRON;France;https://ict4manuf.univ-lyon2.fr/Digital-Innovation-Hub/?page_id=1695;FR71;Rhône-Alpes (NUTS 2013)
ICUK Digital Innovation HUB;Velká Hradební 2800/54, 40001 Ústí nad Labem;Ústí nad Labem;Czech Republic;https://www.icuk.cz;CZ04;Severozápad
IDEAL (Innovation and Digital Enterprise Alliance London);69 Wilson Street;London;United Kingdom;http://www.idea-london.co.uk/;UKI4;Inner London - East
IDRYMA TECHNOLOGIAS KAI EREVNAS;N PLASTIRA STR 100;HERAKLION;Greece;;EL43;Kriti
ID2Santé - Innovation and Development of the Health sector in Bretagne;2 avenue du Pr Léon Bernard;Rennes;France;http://www.id2sante.com/index.php?rub=who_we_are_;FR52;Bretagne (NUTS 2013)
ID4CAR;TECHNOCAMPUS, ZI du Chaffault;Bouguenais;France;http://www.id4car.org/;FR51;Pays de la Loire (NUTS 2013)
i.ku - Innovationsplattform Kufstein / Innovation Hub Kufstein, Tyrol;Andreas Hofer-Straße 7;Kufstein;Austria;https://www.iku.tirol/;AT33;Tirol
Images et Réseaux;4 rue ampère;Lannion;France;http://www.images-et-reseaux.com/fr;FR52;Bretagne (NUTS 2013)
iMan Norte Hub - Digital Innovation Hub for Customer-Driven Manufacturing @ Norte;Rua dos Plátanos  nº 197;Porto;Portugal;https://www.imannortehub.com/;PT11;Norte
IMEC;Kapeldreef, 75;Leuven;Belgium;https://www.imec-int.com/en/home;BE24;Prov. Vlaams-Brabant
IMPERIAL COLLEGE OF SCIENCE TECHNOLOGY AND MEDICINE;SOUTH KENSINGTON CAMPUS EXHIBITION ROAD;LONDON;United Kingdom;;UKI3;Inner London - West
Independent Platform for Photonics in Data Centers, PhoxLab;Gustav-Meyer-Allee 25;Berlin;Germany;https://www.phoxlab.eu/;DE30;Berlin
Industrial Digital Platforms DIH;Maarintie, 6;Espoo;Finland;https://www.eitdigital.eu/innovation-entrepreneurship/digital-industry/;FI1B;Helsinki-Uusimaa
Industrial Reality Hub;Laan van Malkenschoten, 40;Apeldoorn;Netherlands;http://www.industrialrealityhub.com;NL22;Gelderland
Industrial Ring;c/ Gran Capità  2-4 Edifici Nexus I 2ª planta 203;Barcelona;Spain;http://anellaindustrial.cat;ES51;Cataluña
Industrial Technology Knowledge Linares DIH;Centro de Innovación Campus Científico-Tecnológico, RONDA SUR S/N;Linares;Spain;http://dih-itkl.es/;ES61;Andalucía
Industry 4.0 National Technology Platform;Kende u., 13-17;Budapest;Hungary;https://www.i40platform.hu/en;HU10;Közép-Magyarország (NUTS 2013)
INFOBALT DIH;Mokslininku str. 2A-128;Vilnius;Lithuania;https://infobalt.lt/dih/;LT00;Lietuva (NUTS 2013)
INFOPOLE Cluster TIC;Rue Camille Hubert, 2 5032 Gembloux;Gembloux;Belgium;http://clusters.wallonie.be/infopole-fr/;BE35;Prov. Namur
INFOTEC, CENTRO DE INVESTIGACION E INNOVACION EN TECNOLOGIAS DE LA INFORMACION Y COMUNICACION;San Fernando 37;Mexico City;Austria;;;
Infrastructure and Cloud data centre test Environment (SICS ICE);Bjorkskataleden, 112;"Lule&#229;";Sweden;http://ice.sics.se;SE33;Övre Norrland
innomine Digital Innovation Hub;Zahony u. 7.;Budapest;Hungary;http://innomine.com/digital-innovation-hub;HU10;Közép-Magyarország (NUTS 2013)
innomine Digital Innovation Hub Nonprofit Kft.;Záhony utca 7.;Budapest;Hungary;;HU10;Közép-Magyarország (NUTS 2013)
innomine DIH - South Transdanubian branch;Kodaly Zoltan utca 15/b 2. em. 7;Pécs;Hungary;http://innomine.com/digital-innovation-hub;HU23;Dél-Dunántúl
Innoskart Digital Innovation Hub;Móricz Zsigmond u. 14.;Székesfehérvár;Hungary;https://innoskart.digital/en/projektek/digital-innovation-hub/;HU21;Közép-Dunántúl
Innovalia ZDM Digital Innovation Hub;Automotive Intelligence Centre (AIC) - Parque Empresarial P2-A4;Amorebieta-Etxano;Spain;http://digiware.org;ES21;País Vasco
Innovation Center for Artificial Intelligence;Science Park 904, Amsterdam;Amsterdam;Netherlands;http://icai.ai;NL32;Noord-Holland
INNOVATION CENTER OF MODERN INDUSTRY IN BRANDENBURG GERMANY;Gebäude 3A, Siemens-Halske-Ring 14;Cottbus;Germany;http://www.imi4bb.de;DE40;Brandenburg
Innovation Centre Kosovo (ICK);Rexhep Mala strt. 28A;Prishtina;Kosovo;http://ickosovo.com/;;
Innovation Cluster Drachten (ICD);de Tijen 3;drachten;Netherlands;http://www.icdrachten.nl;NL12;Friesland (NL)
innovation experience HUB (InnexHUB);Via Cefalonia, 60;Brescia;Italy;https://www.innexhub.it;ITC4;Lombardia
Innovation for Manufacturing in the South (I4MSOUTH);Parque Cientifico Murcia 1 Floor Bulding T;Murcia;Spain;https://i4msouth.fundingbox.com/;ES62;Región de Murcia
Innovation Hub;Rr. Papa Gjon Pali II;Tirana;Albania;http://www.innovationhub.al/;;
inNOVA4TECH hub – inNOVAtion Hub for TECHnology Transfer;UNINOVA – Campus da Caparica, 2829-516, Caparica (Portugal);Caparica;Portugal;http://www.innova4tech.uninova.pt/;PT17;Área Metropolitana de Lisboa
INOVACIJSKI CENTAR NIKOLA TESLA;Unska 3;Zagreb;Croatia;;HR04;Kontinentalna Hrvatska
Insight Centre for Data Analytics;DERI Building, IDA Business Park;Galway;Ireland;https://www.insight-centre.org/;IE01;Border, Midland and Western (NUTS 2013)
Insomnia Digital Innovation Hub;Muelle de Poniente Poblados Marítimos;Valencia;Spain;http://www.innsomnia.es/;;
INSPIRE AG FUR MECHATRONISCHE PRODUKTIONSSYSTEME UND FERTIGUNGSTECHNIK;Lerchenfeldstrasse 3;St. Gallen;Switzerland;;CH05;Ostschweiz
Institut de l'Elevage - Idele;149, Rue de Bercy;Paris;France;https://idele.fr/;FR10;Île de France
INSTITUT FÜR ANGEWANDTE SYSTEMTECHNIK BREMEN GMBH;Wiener Strasse  1;BREMEN;Germany;;DE50;Bremen
INSTITUT NATIONAL DE RECHERCHE EN SCIENCES ET TECHNOLOGIES POUR L'ENVIRONNEMENT ET L'AGRICULTURE;9 avenue Blaise Pascal;Aubière;France;;FR72;Auvergne (NUTS 2013)
Institute of Advanced Studies - ForschungsKollegSiegen;Weidenauer Straße 167;Siegen;Germany;http://www.uni-siegen.de/fokos/;DEA5;Arnsberg
Institute of Electron Technology (ITE);Al.Lotników 32/46;Warsaw;Poland;http://www.ite.waw.pl;PL12;Mazowieckie (NUTS 2013)
Institute of Entrepreneurship Development (iED);169 Iroon Politechniou str;Larissa;Greece;https://ied.eu/;EL61;Thessalia
Institute of Informatics of SAS;Dubravska cesta 9;Bratislava;Slovakia;http://www.ui.sav.sk;SK01;Bratislavský kraj
INSTITUTE OF INFORMATION AND COMMUNICATION TECHNOLOGIES;UL. ACAD G BONCHEV  BL 2;Sofia;Bulgaria;;BG41;Yugozapaden
Institute of Production Management, Technology and Machine Tools (PTW);Otto-Berndt-Straße 2;Darmstadt;Germany;http://www.ptw.tu-darmstadt.de;DE71;Darmstadt
Institute of Reliable Embedded Systems and Communication Electronics;Badstr, 24;Offenburg;Germany;https://ivesk.hs-offenburg.de/;DE13;Freiburg
INSTITUTO NACIONAL DE INVESTIGAÇAO AGRARIA E VETERINARIA;AVENIDA DA REPUBLICA QUINTA DO MARQUES;OEIRAS;Portugal;;PT17;Área Metropolitana de Lisboa
INSTITUTO TECNOLOGICO Y DE ESTUDIOS SUPERIORES DE MONTERREY;Carr. Lago de Guadalupe Km. 3.5;Atizapan de Zaragoza;Austria;;;
INSTYTUT CHEMII BIOORGANICZNEJ POLSKIEJ AKADEMII NAUK;NOSKOWSKIEGO 12-14;POZNAN;Poland;;PL41;Wielkopolskie
Intelligent Industry ecosystem;Eteläranta 10;Helsinki;Finland;https://intelligentindustry.dimecc.com/;FI1B;Helsinki-Uusimaa
Intelligent Systems for Production and Resource Optimisation in Industry;Moylish Park;Limerick;Ireland;http://www.acornresearch.ie/;IE02;Southern and Eastern (NUTS 2013)
Intelligent Urban Lab, Alcobendas;Av. Doctor Severo Ochoa, 45;Alcobendas;Spain;https://alcobendashub.com/en/intelligent-urban-lab/;ES30;Comunidad de Madrid
Interactive Robotics Laboratory of CEA LIST;CEA SACLAY DIGITEO LABS, Bâtiment 660;GIF-SUR-YVETTE;France;http://www-list.cea.fr/en/technological-research/research-programmes/advanced-manufacturing/collaborative-robotics;FR10;Île de France
International Advanced Manufacturing 3D Hub (IAM 3D HUB);Carrer de la Innovació 2;Barcelona;Spain;http://www.iam3dhub.org;ES51;Cataluña
INTERNATIONAL DATA SPACES EV;Joseph-von-Fraunhofer-Str. 2-4;Dortmund;Germany;;DEA5;Arnsberg
Internet of Things, Intelligent Systems, Data Engineering and Media DIH [National Technical University of Athens - Institute of Communication and Computer Systems];Heroon Polytechneiou 9;Athens;Greece;https://www.dih-ntua.gr/services/;EL30;Attiki
IoT Catalan Alliance;Carrer Gran Capità 2-4;Barcelona;Spain;https://www.cataloniaiot.com/;ES51;Cataluña
IoT Compass Hub (DIH);SeAMK, School of Technology, Kampusranta 9 A;Seinäjoki;Finland;https://www.seamk.fi/en/iot-compass-hub/;FI19;Länsi-Suomi
IoT DIH;C/ Segunda 4;Carbajosa de la Sagrada;Spain;http://innovationhub.es;ES41;Castilla y León
IoT Poland Foundation Hub;ul. Dobrzanskiego, 3;Lublin;Poland;http://www.lpnt.pl/;PL31;Lubelskie (NUTS 2013)
IoT-SmartSantander DIH;Av. de los Castros, s/n;Santander;Spain;http://dih.smartsantander.eu/;ES13;Cantabria
IRIS: European Digital Innovation Hub Navarra;Tajonar Street, 20;Pamplona;Spain;https://www.irisnavarra.com/;ES22;Comunidad Foral de Navarra
Irish Centre for Cloud Computing and Commerce (IC4);Glasnevin;Dublin;Ireland;http://www.ic4.ie;IE02;Southern and Eastern (NUTS 2013)
Irish Centre for High End Computing, ICHEC;NUI Galway;Galway City;Ireland;https://www.ichec.ie/;IE01;Border, Midland and Western (NUTS 2013)
Irish Manufacturing Research;Aerodrome Business Park;Rathcoole;Ireland;http://www.imr.ie/;IE02;Southern and Eastern (NUTS 2013)
Israel Smart Mobility Living Lab;Rothschild St. 30;Tel-Aviv;Israel;https://www.israellivinglab.org.il/;;
Istanbul Chamber of Industry;Meşrutiyet Cad. No:63, 34430 Beyoğlu/İSTANBUL;Istanbul;Turkey;https://www.iso.org.tr/Home/;TR10;Istanbul
IT and Expert Hub Supporting Biomedical Research, Technology and Education (BioMedHub);Pawińskiego, 5;Warsaw;Poland;http://www.bioinfo.imdik.pan.pl/;PL12;Mazowieckie (NUTS 2013)
Italian Institute of Technology;via Morego 30;Genova;Italy;https://www.iit.it/;ITC3;Liguria
ITI Data Hub (The Data Cycle Hub);Ciudad Politécnica de la Innovación - UPV Camino de Vera, s/n. Bldg. 8G. Acc. B – 4th Floor;Valencia;Spain;https://thedatacyclehub.com/en/;ES52;Comunidad Valenciana
IT-UNIVERSITETET I KOBENHAVN;Rued Langgaardsvej  7;Copenhagen;Denmark;;DK01;Hovedstaden
IT4Innovations National Supercomputing Center;17. listopadu 15/2172;Ostrava-Poruba;Czech Republic;https://www.it4i.cz;CZ08;Moravskoslezsko
i4CAM HUB (Innovation for competitiveness and advanced manufacturing);Carretera de Pedro Muñoz km 1;Tomelloso;Spain;http://www.i4camhub.com;ES42;Castilla-la Mancha
JESSICA FRANCE - CAP'TRONIC program;CEA-G/LETI - 17, rue des Martyrs;GRENOBLE;France;https://www.captronic.fr;FR71;Rhône-Alpes (NUTS 2013)
Jheronimus Academy of Data Science;Sint Janssingel 92;’s-Hertogenbosch;Netherlands;https://www.jads.nl/;NL41;Noord-Brabant
Jožef Stefan Institute;Jamova cesta 39;Ljubljana;Slovenia;http://tehnologije.ijs.si;SI04;Zahodna Slovenija
KARLSRUHER INSTITUT FUER TECHNOLOGIE;KAISERSTRASSE 12;KARLSRUHE;Germany;;DE12;Karlsruhe
KATHOLIEKE UNIVERSITEIT LEUVEN;Celestijnenlaan 300 - box 2420;Heverlee;Belgium;;BE24;Prov. Vlaams-Brabant
Keen Bull Sagl;Via Pretorio 11;Lugano;Switzerland;http://www.keenbull.com;CH07;Ticino
KG Coworking;Dr Zorana Đinđića 2/1;Kragujevac;Serbia;http://www.kgcoworking.rs/;;
KIOS Innovation Hub (KIH);University of Cyprus 1 Panepistimiou street;Nicosia;Cyprus;http://www.kios.ucy.ac.cy/;CY00;Kypros
Know-Center GmbH;Inffeldgasse 13/6;Graz;Austria;http://www.know-center.tugraz.at/;AT22;Steiermark
Kompetenzzentrum - Das Virtuelle Fahrzeug, Forschungsgesellschaft mbH;Inffeldgasse  21 A;Graz;Austria;;AT22;Steiermark
Krakow Technology Park;Podole 60;Kraków;Poland;http://www.kpt.krakow.pl/en/;PL21;Malopolskie
La Salle Technova Barcelona;Sant Joan de La Salle, 42;Barcelona;Spain;http://technovabarcelona.com/en;ES51;Cataluña
LabHub;Ferhadija 27;Sarajevo;Bosnia and Herzegovina;https://www.dmbiubih.org;;
Laboratory for Advanced Mechatronics - LAMA FVG;via Sondrio 2;Udine;Italy;http://www.lamafvg.it;ITH4;Friuli-Venezia Giulia
Laboratory of ideas - iDEAlab;Dr Ilije Djuricica 3;Novi Sad;Serbia;http://www.idealab.uns.ac.rs/;;
Lagarde1 - Zentrum für Digitalisierung und Gründung;Kronacher Straße 41;Bamberg;Germany;http://www.lagarde1.de;DE24;Oberfranken
LANDBRUG & FODEVARER F.M.B.A.;Agro Food Park 15;Aarhus N;Denmark;;DK04;Midtjylland
Laser Digital Innovation Hub (LaserLT DIH);Savanorių ave. 231;Vilnius;Lithuania;http://www.laserlt-dih.lt/en/;;
Latvian IT Cluster;Skolas 11;Riga;Latvia;http://www.itbaltic.com;LV00;Latvija
Le Pool French Tech Rennes St Malo;Rue de la Mabilais, 2;Rennes;France;http://lafrenchtech-rennes.fr/;FR52;Bretagne (NUTS 2013)
LeanSquare;Rue Lambert-Lombard 5;"Li&#232;ge";Belgium;http://www.leansquare.be/;BE33;Prov. Liège
LEIBNIZ INSTITUT FUER AGRARTECHNIK UND BIOOEKONOMIE E V;MAX EYTH ALLEE 100;POTSDAM;Germany;;DE40;Brandenburg
LIFE SCIENCES DIH LITHUANIA;Vismaliukų g. 34, LT-10243 Vilnius;Vilnius;Lithuania;http://lsdih.com;LT00;Lietuva (NUTS 2013)
lifehub.swiss;Hofackerstrasse 30;Muttenz;Switzerland;http://lifehub.swiss/;CH03;Nordwestschweiz
Lighthouse Digital Innovation Hub;Liepu street 83;Klaipeda;Lithuania;https://lighthouse.lt;LT00;Lietuva (NUTS 2013)
Linköping Science Park;Teknikringen 10;Linköping;Sweden;https://linkopingsciencepark.se/digital-innovation-hub/;SE12;Östra Mellansverige
Linz Center of Mechatronics GmbH;Altenbergerstr. 69;Linz;Austria;http://www.lcm.at;AT31;Oberösterreich
Lithuanian robotic DIH (LTroboticsDIH);Lakunu, 3;Vilnius;Lithuania;http://www.ltrobotics.eu/en/digital-innovation-hub/;LT00;Lietuva (NUTS 2013)
Living Lab for Smart Society (LL4SS) aka Living Lab Stratumseind 2.0;Stratumseind 32;Eindhoven;Netherlands;https://citylabacademy.nl/;NL41;Noord-Brabant
LTU AI Innovation Hub;Luleå University of Technology;Luleå;Sweden;https://www.ltu.se/ai;SE33;Övre Norrland
Lublin Medicine Cluster;Plac Króla Łokietka 1;Lublin;Poland;http://medycyna.lublin.eu/;PL31;Lubelskie (NUTS 2013)
Lufthansa Industry Solutions -  Digital Lab;Schützenwall, 1;Norderstedt;Germany;https://www.lufthansa-industry-solutions.com/de-en/;DEF0;Schleswig-Holstein
LUNDS UNIVERSITET;Ole Römers väg 3;Lund;Sweden;;SE22;Sydsverige
LUONNONVARAKESKUS;LATOKARTANONKAARI 9;HELSINKI;Finland;;FI1B;Helsinki-Uusimaa
Luxembourg House of Financial Technology Foundation, LHoFT Foundation;9 rue du Laboratoire;Luxembourg;Luxembourg;http://www.lhoft.lu;LU00;Luxembourg
Luxembourg Institute of Science and Technology (LIST);Avenue des Hauts-Fourneaux, 5;Esch-sur-Alzette;Luxembourg;https://www.list.lu/;LU00;Luxembourg
Luxinnovation;avenue des Hauts Fourneaux, 5;Esch-sur-Alzette;Luxembourg;https://www.luxinnovation.lu/;LU00;Luxembourg
lvh.apa Digital Innovation Hub Südtirol - Alto Adige;Via Volta 13a;Bolzano;Italy;http://www.digitalinnovationhub.bz.it/en/;ITH1;Provincia Autonoma di Bolzano/Bozen
MADE - Competence Center;Via Durando;Milano;Italy;https://www.made-cc.eu;ITC4;Lombardia
MADE - Manufacturing Academy of Denmark;Vesterbrogade 1E 2nd floor;Copenhagen;Denmark;http://MADE.dk/;DK01;Hovedstaden
Made Different | Digital Wallonia;Avenue Prince De Liege, 133;Jambes;Belgium;https://www.digitalwallonia.be/fr/publications/made-different-digital-wallonia;BE35;Prov. Namur
Madeira Digital Innovation HUB;Rua dos Aranhas, 24-26;Funchal;Portugal;https://www.madeiradih.com;PT30;Região Autónoma da Madeira (PT)
MaDIH: Manufacturing Digital Innovation Hub;Madrid Clúster de Automoción C/Príncipe de Vergara, 74. 1º Planta 28006 - Madrid;Madrid;Spain;https://madih.fundingbox.com/;ES30;Comunidad de Madrid
Malaga DIH Digital Innovation Hub Malaga Global Cloud DIH;C/ Severo Ochoa, nº 9, 2ª Planta – Parque Tecnológico de Andalucía 29530 – Campanillas  (Málaga);Campanillas;Spain;https://www.globalclouddih-malaga.eu/;ES61;Andalucía
Mälardalen Industrial Technology Center;John Engellaus Gata 1;Eskilstuna;Sweden;http://www.mitc.se/;;
Malta Digital Hub;Malta Life Sciences Park;San Gwann;Malta;http://www.maltalifesciencespark.com/malta-digital-hub/;MT00;Malta
MAMTeC (Metal Additive Manufacturing Technology Centre);Voorsterweg 31;Marknesse;Netherlands;http://www.nlr.org/capabilities/additive-manufacturing/;NL23;Flevoland
Manufacturing Technology Centre;Ansty Park;Coventry;United Kingdom;http://www.the-mtc.org/;UKG1;Herefordshire, Worcestershire and Warwickshire
ManuHub@WG;Archimidous 7;Patras;Greece;http://lms.mech.upatras.gr;EL63;Dytiki Ellada
MANUTECH Ultrafast Surface Design;20, Rue Professeur Benoît Lauras;Saint Etienne;France;http://www.manutech-usd.fr/;FR71;Rhône-Alpes (NUTS 2013)
MARCHE INNOVATION HUB;Via Lumumba, 42/f;Chiaravalle;Italy;http://www.innovationbox.it;ITI3;Marche
Match 4.0 Abruzzo DIH;Località Campo di Pile;L'Aquila;Italy;http://www.match40.net/;ITF1;Abruzzo
Matéralia;4 rue Augustin Fresnel;Metz;France;http://www.materalia.fr/;FR41;Lorraine (NUTS 2013)
MediaTech Hub Potsdam;August-Bebel-Str. 26-53;Potsdam;Germany;http://mediatechhub-potsdam.de/;DE40;Brandenburg
MEDISDIH - Apulian Mechatronics Technological Cluster and Digital Innovation Hub;c/o Tecnopolis - S.P. per Casamassima km 3;Valenzano;Italy;http://www.medisdih.it/wp/en/services-2/;ITF4;Puglia
MicroHub.Swiss - The Swiss Microtechnology & Micromanufacturing DIH;Jaquet-Droz 1;Neuchatel;Switzerland;http://www.microhub.swiss;CH02;Espace Mittelland
Minalogic;3 Parvis Louis Néel;Grenoble;France;https://www.minalogic.com/fr;FR71;Rhône-Alpes (NUTS 2013)
minaSmart;3 parvis Louis Neel;Grenoble;France;http://www.minasmart-auvergnerhonealpes.com/;FR71;Rhône-Alpes (NUTS 2013)
Miro Innovation Lab;Münchener Str. 20;Oberpfaffenhofen-Wessling;Germany;https://miroinnovationlab.de/de/miro-innovation-lab/;DE21;Oberbayern
MITA Innovation Hub;Smart city Malta;Kalkara;Malta;http://mih.mt/;MT00;Malta
Mittelstand 4.0 centre of excellence Hamburg;Adolphsplatz 1;Hamburg;Germany;http://kompetenzzentrum-hamburg.digital;DE60;Hamburg
Mittelstand 4.0 Competence Centre Chemnitz;Chemnitz University of Technology;Chemnitz;Germany;https://betrieb-machen.de/;DED4;Chemnitz
Mittelstand 4.0 Competence Centre Ilmenau;Gustav-Kirchhoff-Platz 2;Ilmenau;Germany;https://www.kompetenzzentrum-ilmenau.digital/;DEG0;Thüringen
Mittelstand 4.0-Competence Center Dortmund;Joseph-von-Fraun;Dortmund;Germany;https://www.digital-in-nrw.de/de/;DEA5;Arnsberg
Mittelstand 4.0-Kompetenzzentrum Augsburg;Provinostr. 52 B1;Augsburg;Germany;https://kompetenzzentrum-augsburg-digital.de/;DE27;Schwaben
Mittelstand 4.0-Kompetenzzentrum Bremen;Langenstraße 2-4;Bremen;Germany;https://kompetenzzentrum-bremen.digital;DE50;Bremen
Mittelstand 4.0-Kompetenzzentrum Darmstadt;Otto-Berndt-Straße 2;Darmstadt;Germany;https://www.mit40.de;DE71;Darmstadt
Mittelstand 4.0-Kompetenzzentrum Stuttgart;Nobelstraße 12;Stuttgart;Germany;https://digitales-kompetenzzentrum-stuttgart.de/;DE11;Stuttgart
Move2Digital;Business Pole, Allée Pierre Ziller;Valbonne Sophia Antipolis;France;https://www.move2digital.eu/;FR82;Provence-Alpes-Côte d'Azur (NUTS 2013)
M:tel digitalna fabrika;Vuka Karadzica 8;Podgorica;Montenegro;http://www.digitalnafabrika.mtel.me;ME00;Crna Gora
Munich Innovation Hub for Applied AI;Lichtenbergstrasse 6;Garching;Germany;https://www.appliedai.eu;DE21;Oberbayern
Nanotechnology Lab LTFN (Lab for Thin Films - Nanobiomaterials - Nanosystems - Nanometrology);University Campus;Thessaloniki;Greece;http://www.ltfn.gr/;EL52;Kentriki Makedonia
NASK National Research Institute;Kolska 12;Warsaw;Poland;https://eng.nask.pl/;PL12;Mazowieckie (NUTS 2013)
National Centre of Robotics;Ilkovicova 3, Bratislava;Bratislava;Slovakia;http://nacero.sk/language/en/;SK01;Bratislavský kraj
National Digital Contents Hub, POLO;Polo Nacional de Contenidos Digitales. Avenida Sor Teresa Prat, 25;"M&#225;laga";Spain;http://polodigital.eu/;ES61;Andalucía
National Documentation Centre / National Hellenic Research Foundation;48, Vas. Constantinou Ave.;Athens;Greece;http://www.ekt.gr/en;EL30;Attiki
National Technological Cluster of Intelligent Factories;via Piero Gobetti, 101;Bologna;Italy;http://www.fabbricaintelligente.it/;ITH5;Emilia-Romagna
Neàpolis;Rambla de l'Exposició, 59;Vilanova i la Geltrú;Spain;http://www.neapolis.cat;ES51;Cataluña
NEST Digital - Hub;c/o Empa, Ueberlandstrasse 129;Dübendorf;Switzerland;https://dhub.empa.ch;CH04;Zürich
NESTA;58 VICTORIA EMBANKMENT;LONDON;United Kingdom;;UKI3;Inner London - West
NextMove;Technopôle du Madrillet – Avenue Galilée – BP 20060;St Etienne du Rouvray;France;https://nextmove.fr/;FR23;Haute-Normandie (NUTS 2013)
NOMI Joint Innovation Centre;Stieltjesweg 1;Delft;Netherlands;http://tno.nl/3dnano/;NL33;Zuid-Holland
NORGES TEKNISK-NATURVITENSKAPELIGE UNIVERSITET NTNU;HOGSKOLERINGEN 1;TRONDHEIM;Norway;;NO06;Trøndelag
North- East Romania DIH - ˝Digital Innovation Zone˝;no 9, Lt. Draghescu Street;Piatra Neamt;Romania;https://digital-innovation.zone;RO21;Nord-Est
Norway Health Tech;Forskningsparken Gaustadalleen 21;Oslo;Norway;https://www.norwayhealthtech.com/;NO01;Oslo og Akershus
NOVA ID FCT - ASSOCIACAO PARA A INOVACAO E DESENVOLVIMENTO DA FCT;CAMPUS DE CAPARICA FACULDADE DE CIENCIAS E TECNOLOGIA DA UNIVERSIDADE NOVA DE LISBOA;CAPARICA;Portugal;;PT17;Área Metropolitana de Lisboa
Novel-T;Hengelosestraat 500;Enschede;Netherlands;http://www.novelt.com;NL21;Overijssel
Nyuko a.s.b.l.;121  rue de Hollerich;Luxembourg;Luxembourg;https://nyuko.lu/;LU00;Luxembourg
nZEB Smart House;CERTH/ITI, 6th km Charilaou-Thermi Road;Thessaloniki;Greece;https://smarthome.iti.gr;EL52;Kentriki Makedonia
Ocean Innovation Norwegian Catapult Centre;Thormøhlensgate 51;Bergen;Norway;https://oinc.no/;NO05;Vestlandet
OFICINA;Rr.Asim Vokshi, prane Harry T. Fultz, Tirana;Tirana;Albania;http://www.oficina.al/;;
OK!Thess (Οικοσύστημα Καινοτομίας Θεσσαλονίκης);2 Komotinis Street;Thessaloniki;Greece;https://okthess.gr/en/;EL52;Kentriki Makedonia
One Sea - Autonomous Maritime Ecosystem;Lemminkäisenkatu 30;Turku;Finland;https://oneseaecosystem.net;FI1C;Etelä-Suomi
OptimiseHub - South Coast Digital Innovation Hub;University of Portsmouth, St Andrews Court;Portsmouth;United Kingdom;http://optimisehub.org.uk/;UKJ3;Hampshire and Isle of Wight
Oslo Cancer Cluster;Ullernchauseen 64/66;Oslo;Norway;http://oslocancercluster.no/;NO01;Oslo og Akershus
OuluHealth;Aapistie 5;Oulu;Finland;http://ouluhealth.fi;FI1D;Pohjois- ja Itä-Suomi
Parque Tecnológico de Andalucía (PTA);Calle Maria Curie 35;Malaga;Spain;http://www.pta.es/es/;ES61;Andalucía
PARSEC HUB ANCONA;Via Lumumba, 42F;Chiaravalle (AN);Italy;http://www.parsec-hub.eu;ITI3;Marche
PARSEC HUB BARI;Via Enrico Pappacena 10;Bari;Italy;http://www.parsec-hub.eu;ITF4;Puglia
PARSEC HUB CATANIA;Via Monti Peloritani 2/e;Tremestieri Etneo (CT);Italy;http://www.parsec-hub.eu;ITG1;Sicilia
PARSEC HUB GENOVA;Via XX Settembre, 4/4;Genova;Italy;http://www.parsec-hub.eu;ITC3;Liguria
PARSEC HUB MILAN;Via Andrea Doria, 3;Milano;Italy;http://www.parsec-hub.eu;;
PARSEC HUB NAPOLI;Via Nuova Poggioreale, n.60 - Centro Polifunzionale INAIL torre VI;Napoli;Italy;http://www.parsec-hub.eu;ITF3;Campania
PARSEC HUB PERUGIA;Via Settevalli 133/C;Perugia;Italy;http://www.parsec-hub.eu;ITI2;Umbria
PhotonDelta;De Groene Loper 5;Eindhoven;Netherlands;https://www.photondelta.eu/;NL41;Noord-Brabant
Photonics Bretagne;4 Rue Louis de Broglie;Lannion;France;http://www.photonics-bretagne.com;FR52;Bretagne (NUTS 2013)
PIAP HUB;Aleje Jerozolimskie 202;Warsaw;Poland;http://www.hub.piap.pl/;PL12;Mazowieckie (NUTS 2013)
PID BERGAMO SVILUPPO;Via Sebastiano Zilioli, 2;Bergamo;Italy;https://www.bergamosviluppo.it/sito/sviluppo-e-innovazione/pid-punto-impresa-digitale.html;ITC4;Lombardia
Pilsen Digital Innovation Hub (Pilsen DIH);Univerzitni 8;Pilsen;Czech Republic;https://www.zcu.cz/en/;CZ03;Jihozápad
Piraeus Blue Growth Digital Innovation Hub (BG-DIH);91, Iroon Polytechniou Ave;Piraeus;Greece;http://www.bluegrowth.gr/;EL30;Attiki
Plan4all;K Rybnicku 557;Horni Briza;Czech Republic;https://hub.plan4all.eu/;CZ03;Jihozápad
Plastipolis;180 Rue Pierre et Marie Curie, 01100 Bellignat;Bellignat;France;http://www.plastipolis.fr/;FR71;Rhône-Alpes (NUTS 2013)
Pôle EMC2 Competitiveness cluster for innovation in production technologies;Technocampus Composites, Chemin du Chaffault;Nantes;France;http://www.pole-emc2.fr/;FR51;Pays de la Loire (NUTS 2013)
POLITECHNIKA POZNANSKA;Al. Jana Pawla II 24;Poznan;Poland;;PL41;Wielkopolskie
POLITECHNIKA WROCLAWSKA;WYBRZEZE WYSPIANSKIEGO 27;WROCLAW;Poland;;PL51;Dolnoslaskie
Politecnico di Milano;PIazza Leonardo Vinci, 32;Milano;Italy;https://www.polimi.it/en/home/;ITC4;Lombardia
Powertrain Manufacturing for Heavy Vehicle Application Lab;Brinellvägen 68;Stockholm;Sweden;https://www.pmh.itm.kth.se/;SE11;Stockholm
Poznan Science and Technology Park of Adam Mickiewicz University Foundation;UL. RUBIEZ 46;POZNAN;Poland;https://ppnt.poznan.pl/about-us/;PL41;Wielkopolskie
PrintoCent;Kaitoväylä 1;Oulu;Finland;http://www.printocent.net;FI1D;Pohjois- ja Itä-Suomi
PRODUTECH Digital Innovation Hub National Platform;Rua dos Plátanos  nº 197;Porto;Portugal;http://www.produtech.org;PT11;Norte
Protik Innovation Center;Papa Gjon Pali II Street  No.3  2nd Floor;Tirana;Albania;http://www.protik.org/;;
PRZEMYSLOWY INSTYTUT MASZYN ROLNICZYCH W POZNANIU;Starolecka  31;Poznan;Poland;;PL41;Wielkopolskie
PTCentroDiH - Digital Innovation Hub da Região Centro;Rua da Bélgica, Lote 18;Marinha Grande;Portugal;http://www.ptcentrodih.pt;PT16;Centro (PT)
Raisehub.swiss- The Swiss Robotics & AI DIH;Untere Gründlistrasse 1, 6055 Alpnach;Alpnach;Switzerland;http://raisehub.swiss/;CH06;Zentralschweiz
RBI DIH;Bijenicka cesta 54;ZAGREB;Croatia;http://cir.com.hr/rbidih/;HR04;Kontinentalna Hrvatska
RDM makerspace;Scheepsbouwweg, 8-KO3;Rotterdam;Netherlands;http://www.rdmmakerspace.nl/;NL33;Zuid-Holland
RECENDT - Research Center for Non-Destructive Testing GmbH;Altenberger Strasse 69, Science Park 2;Linz;Austria;https://www.recendt.at;AT31;Oberösterreich
Regional Digital Innovation Hub related to Internet of Things (IoT North Poland HuB);Wloclawska, 167;Torun;Poland;http://www.iotnorthpoland.com/;PL61;Kujawsko-Pomorskie
Regional Platform Industry 4.0 of Tuscany Region (Tuscan Platform Industry 4.0);Via Luca Giordano 13;Firenze;Italy;http://www.cantieri40.it/i40/index.php;ITI1;Toscana
REIMAGINE Textile;Av. d’Ernest Lluch  36;Mataró;Spain;http://www.reimaginetextile.com/en/;ES51;Cataluña
Research Center for Informatics;Karlovo náměstí 13;Prague;Czech Republic;http://rci.cvut.cz/;CZ01;Praha
Réseau LIEU – LIaisons Entreprises-Universités;Passage des Déportés 2;Gembloux;Belgium;http://www.reseaulieu.be/en;BE35;Prov. Namur
Reutlingen University Werk150;Alteburgstr. 150;Reutlingen;Germany;https://en.werk150.de/;DE14;Tübingen
RIF BioRobotics Institute;Viale Rinaldo Piaggio 34;Pontedera;Italy;http://www.pecciolirif.com/;ITI1;Toscana
RIOHUB;Calle Francisco Muro de La Mata 13;"Logro&#241;o";Spain;http://riohub.fundingbox.com/;ES23;La Rioja
RISE ICT Research Institute of Sweden ICT;Isafjordsgatan 22;Kista;Sweden;https://www.ri.se/divisioner/ict/las-mer-om-rise-ict;SE11;Stockholm
RO Tech Nation DIH;1-3 Walter Maracineanu Square;Bucharest;Romania;http://rotechnation.eu/;RO32;Bucuresti - Ilfov
RoboCity2030;Universidad Carlos III de Madrid, Robotics Lab. Avenida de la Universidad, 30, Leganés 28911, SPAIN;Madrid;Spain;http://www.robocity2030.org/;ES30;Comunidad de Madrid
ROBOCOAST;Prizztech Ltd, Puuvilla, PO Box 18, Siltapuistokatu 14, Pori, FINLAND;Pori;Finland;http://www.robocoast.eu;FI19;Länsi-Suomi
Robotdalen;Robot Valley, Expectrum, Kopparbergsvägen 10;Västerås;Sweden;http://www.robotdalen.se/;SE12;Östra Mellansverige
Robotics Digital Innovation Hub;Escuela Tecnica Superior de Ingenieria, Camino de los Descubrimientos, s/n, 41092 Sevilla;Seville;Spain;https://robotics-dih.eu;ES61;Andalucía
Robotics Hub Technical University of Kosice;Park Komenského 12a;Kosice;Slovakia;http://roboticshub.sk/en/;SK04;Východné Slovensko
Robotics place;3 Rue du Cagire;Pinsaguel;France;https://www.robotics-place.com/;FR62;Midi-Pyrénées (NUTS 2013)
ROBOTT-NET;Forskerparken 10F;Odense;Denmark;https://www.robott-net.eu/;DK03;Syddanmark
RoboValley Delft;Julianalaan 67A;Delft;Netherlands;http://www.robovalley.com/;NL33;Zuid-Holland
RTU ITI Digital Innovation Hub;Kalku 1;Riga;Latvia;http://iti.rtu.lv/en/dih;LV00;Latvija
Rural Industry DIH;Vierimaantie 7;Ylivieska;Finland;https://ruralindustries.eu/;FI1D;Pohjois- ja Itä-Suomi
Safe Cluster;Domaine du petit Arbois, Bâtiment Henri Poincaré, Avenue Louis Philibert;Aix-en-Provence;France;http://www.safecluster.com/;FR82;Provence-Alpes-Côte d'Azur (NUTS 2013)
Santaka Artificial Intelligence DIH;Baršausko str. 59 Kaunas;Kaunas;Lithuania;http://santakosslenis.lt/en/;LT00;Lietuva (NUTS 2013)
Santaka Digital Innovation HUB;Ulonų str. 5;Vilnius;Lithuania;https://dih.santaka.eu/;LT00;Lietuva (NUTS 2013)
Satellite Applications Catapult;Electron Building, Fermi Avenue, Harwell Campus;Oxfordshire;United Kingdom;http://www.sa.catapult.org.uk/;UKJ1;Berkshire, Buckinghamshire and Oxfordshire
SCALE-UP INSTITUTE;101 Euston Road;London;United Kingdom;;UKI3;Inner London - West
Science and Technology park Čačak;Nikole Tesle 42, Čačak;Čačak;Serbia;https://ntpcacak.rs/;;
Science and Technology Park Of Almeria, PITA S.A.;Avd/ de la Innovacion nº15. 04160 Almeria;Almeria;Spain;http://pitalmeria.es/;ES61;Andalucía
Science Technology Park Belgrade, STP Belgrade;;Belgrade;Serbia;www.ntpark.rs;;
Seavus Incubator DOOEL Skopje;11 Oktomvri 33A;Skopje;North Macedonia;http://www.seavusincubator.com/;MK00;Poranesna jugoslovenska Republika Makedonija
Secured Communicating Solutions cluster (SCS);Place Paul Borde;Rousset;France;https://www.pole-scs.org;FR82;Provence-Alpes-Côte d'Azur (NUTS 2013)
SEK Lab EdTech Accelerator;C/Almagro 5;Madrid;Spain;http://seklab.es/;ES30;Comunidad de Madrid
Sibiu Smart Systems;Strada Emil Cioran 4, Sibiu;Sibiu;Romania;http://centers.ulbsibiu.ro/incon/dih;RO12;Centru
SIEC BADAWCZA LUKASIEWICZ - INSTYTUT TECHNOLOGII MATERIALOW ELEKTRONICZNYCH;Wolczynska Street 133;WARSZAWA;Poland;;PL12;Mazowieckie (NUTS 2013)
SIEC BADAWCZA LUKASIEWICZ - PRZEMYSLOWY INSTYTUT AUTOMATYKI I POMIAROW PIAP;ALEJE JEROZOLIMSKIE 202;WARSAW;Poland;;PL12;Mazowieckie (NUTS 2013)
Siegener Mittelstandsinstitut (SMI);Unteres Schloß 3;Siegen;Germany;http://www.uni-siegen.de/smi/;DEA5;Arnsberg
SIH: Smart Islands Hub;Caminho da Penteada, Edifício Madeira Tecnopolo, Piso 2 9020-105 Funchal, Portugal, 9020-105, Funchal (Portugal);Funchal;Portugal;https://smartislandshub.eu/;PT30;Região Autónoma da Madeira (PT)
Silesia Smart Systems;Rybnicka 29;Gliwice;Poland;http://silesiasmartsystems.pl/start-3890?lang_id=11;PL22;Slaskie
Silicon Europe Alliance;Manfred-von-Ardenne-Ring 20 F;Dresden;Germany;https://www.silicon-europe.eu/;DED2;Dresden
simul+InnovationHub;Archivstraße 1, 01097 Dresden;Dresden;Germany;https://www.smul.sachsen.de/simul-innovationhub-25679.html;DED2;Dresden
SINTEF;Strindveien 4;Trondheim;Norway;https://www.sintef.no/en/;NO06;Trøndelag
SIRIUS Centre for Scalable Data Access;Gaustadaléen 23B;Oslo;Norway;http://sirius-labs.no;NO01;Oslo og Akershus
SIRRIS HET COLLECTIEF CENTRUM VAN DE TECHNOLOGISCHE INDUSTRIE;BOULEVARD AUGUSTE REYERS 80 DIAMANT BUILDING;BRUXELLES;Belgium;;BE10;Région de Bruxelles-Capitale / Brussels Hoofdstedelijk Gewest
Sirris Hub - Additive Manufacturing Integrated Factory;Wetenschapspark 9;Diepenbeek;Belgium;https://www.sirris.be/;BE22;Prov. Limburg (BE)
Sirris Hub / Data and software Innovation;BluePoint Brussels Reyerslaan 80;Brussel;Belgium;http://www.sirris.be;BE10;Région de Bruxelles-Capitale / Brussels Hoofdstedelijk Gewest
Sirris Hub / Offshore Wind Infrastructure Application Lab;Muisbroeklaan portquay 482;Antwerpen;Belgium;https://www.sirris.be/;BE21;Prov. Antwerpen
Sirris Hub Mechatronics and Digitising Manufacturing;Celestijnenlaan 300C;Leuven;Belgium;https://www.sirris.be/;BE24;Prov. Vlaams-Brabant
Sirris Hub Smart Assembly;Graaf Karel de Goedelaan 5;Kortrijk;Belgium;https://www.sirris.be/;BE25;Prov. West-Vlaanderen
Sirris Hub/smart product;Sirris Liege Science Park Rue Bois St-Jean 12;Seraing;Belgium;https://www.sirris.be/;BE33;Prov. Liège
SMACT Competence Center;Fondamenta San Giobbe, Cannaregio 873;Venice;Italy;https://www.smact.cc;ITH3;Veneto
Smart Audiovisual World;Dailidziu g. 52;Vilnius;Lithuania;http://www.sawhub.tech;LT00;Lietuva (NUTS 2013)
Smart Bio-based Solutions (SBBS);Biologinkuja 7;;Finland;http://www.vtt.fi/;FI1B;Helsinki-Uusimaa
Smart City Valladolid and Palencia (Smart City VyP);Boecillo Technology Park. P. 205;Valladolid;Spain;http://www.smartcity-vyp.es/en/;ES41;Castilla y León
Smart Connected Supplier Network;BIC 1;Eindhoven;Netherlands;http://smart-connected.nl/;NL41;Noord-Brabant
Smart Data Innovation Lab;Kaiserstraße, 12;Karlsruhe;Germany;http://www.sdil.de/en/;DE12;Karlsruhe
Smart Data Solution Center Baden-Württemberg;Nobelstraße 19;Stuttgart;Germany;https://sdsc-bw.de/;DE11;Stuttgart
Smart Digital Farming;Burg. Van Gansberghelaan 115;Merelbeke;Belgium;https://www.smartdigitalfarming.be;BE23;Prov. Oost-Vlaanderen
Smart Energy Digital Innovation Hub;Mokslininkų str. 6A, LT-08412 Vilnius, Lithuania;Vilnius;Lithuania;https://smartenergydih.eu;LT00;Lietuva (NUTS 2013)
smart Fab Carinthia;Villacher Straße 1;Spittal;Austria;http://www.smartfab-carinthia.com;AT21;Kärnten
Smart Farming;Anna van Buerenplein 1;Den Haag;Netherlands;https://www.tno.nl/sdf;NL33;Zuid-Holland
Smart Health Digital Innovation Hub;Mokslininku street 6A;Vilnius;Lithuania;https://www.smarthealthdih.eu;LT00;Lietuva (NUTS 2013)
Smart Industry Centre (SmartIC);Ehitajate tee 5;Tallinn;Estonia;http://www.smartic.ee;EE00;Eesti
Smart Industry Hub Noordwest;Zilverstraat 69,;Zoetermeer;Netherlands;https://www.smartindustry.nl/in-de-regio/noord-west/;NL33;Zuid-Holland
Smart Industry Hub South;Brainport Industries Campus, BIC 1, 5657 BX Eindhoven;Eindhoven;Netherlands;https://www.smartindustry.nl/smart-industry-zuid/;NL41;Noord-Brabant
Smart Infrastructure Hub Leipzig;Spinnereistraße 7;Leipzig;Germany;http://www.smartinfrastructurehub.com;DED5;Leipzig
Smart Manufacturing;Korkeakoulunkatu 7;Tampere;Finland;http://smacc.fi/;FI19;Länsi-Suomi
Smart Systems Hub - Enabling IoT;Am Postplatz 1;Dresden;Germany;http://www.smart-systems-hub.de;DED2;Dresden
SMART TRANSPORTATION ALLIANCE;40 GRACECHURCH STREET IPLAN;LONDON;United Kingdom;;UKI3;Inner London - West
Smart Welding Factory (SWF);Gieterij 200;Hengelo;Netherlands;http://www.smartweldingfactory.com/;NL21;Overijssel
SmartAgri;Gråbrödragatan 11;Skara;Sweden;http://smartagri.se;SE23;Västsverige
SmartCityTech;14 - 1º. Edificio Ibaeta 20.018 - Donostia;"San Sebasti&#225;n";Spain;http://www.smartcitytech.eu/;ES21;País Vasco
SmartFabLab;blvrd Hristo Smirnenski, 1;Sofia;Bulgaria;http://www.smartfablab.org/;BG41;Yugozapaden
SMARTIT;Šabana Koče 25;Novi Pazar;Serbia;http://www.smartitstudio.rs/;;
SMIH 3D - Smart 3D Industry Hub;Fallerovo šetalište 22;Zagreb;Croatia;https://3d-grupa.com/;HR04;Kontinentalna Hrvatska
SMILE-DIH (Smart Manufacturing Innovation for Lean Excellence center - Digital Innovation Hub);Strada al Ponte Caprazucca 6/a;Parma;Italy;http://smile.italian-dih.eu/;ITH5;Emilia-Romagna
Sofia Tech Park;111B Tsarigradsko Shosse Blvd.;Sofia;Bulgaria;https://old.sofiatech.bg/;BG41;Yugozapaden
Software Technology and Applications Competence Centre (STACC);Ülikooli 2  5. korrus;Tartu;Estonia;https://www.stacc.ee/;EE00;Eesti
Software-Cluster;Haid-und-Neu-Straße 18;Karlsruhe;Germany;http://www.software-cluster.org;DE12;Karlsruhe
South Bohemian Digi Hub;U Zimního stadionu 1952/2;České Budějovice;Czech Republic;http://www.jvtp.cz/en/about-us/our-projects/south-bohemian-digi-hub.html;CZ03;Jihozápad
SOUTH EAST EUROPEAN UNIVERSITY TETOVO;Ilindenska n.335 building 305;Tetovo;North Macedonia;;MK00;Poranesna jugoslovenska Republika Makedonija
Southeast Digital Innovation Hub;1 Ivan Vazov blvd;Burgas;Bulgaria;https://digihub.bg/;BG34;Yugoiztochen
Space53;Vliegveldstraat 100;Enschede;Netherlands;http://www.space53.eu/;NL21;Overijssel
Spanish Digital Innovation Hub for HPC (esHPC);c/Jordi Girona 29;Barcelona;Spain;https://www.res.es/es;ES51;Cataluña
SpectroNet - International Collaboration Cluster;Hans-Knöll-Straße 6;Jena;Germany;https://www.spectronet.de;DEG0;Thüringen
SPEEDHUB;Piazza Cittadella, 12;Verona;Italy;https://www.fondazionespeedhub.it;ITH3;Veneto
StartupUtrecht;Bootsstraat 5;Utrecht;Netherlands;https://startup.utrechtregion.com/about-startuputrecht;NL31;Utrecht
Steinbeis-Europa-Zentrum;Erbprinzenstrasse 4-12;Karlsruhe;Germany;https://www.steinbeis-europa.de/en/;DE12;Karlsruhe
Stena Industry Innovation Hub at Chalmers - SII-Hub;Forskningsgången 6;Goteborg;Sweden;http://www.chalmers.se/en/areas-of-advance/production/laboratories/csilab/Pages/default.aspx;SE23;Västsverige
STICHTING WAGENINGEN RESEARCH;Alexanderveld 5;The Hague;Netherlands;;NL33;Zuid-Holland
STP CARTUJA;c/ Isaac Newton, s/n. Pabellón de la UE.;Seville;Spain;http://www.pctcartuja.es/;ES61;Andalucía
Styrian Technology Park, STP;Pesnica pri Mariboru, 20a;Pesnica pri Mariboru;Slovenia;https://stp.si;SI03;Vzhodna Slovenija
Sunderland Software City;Tavistock Place;Sunderland;United Kingdom;http://www.sunderlandsoftwarecity.com/;UKC2;Northumberland and Tyne and Wear
Sunrise Valley Digital Innovation Hub (SV DIH);Sauletekio ave. 15;Vilnius;Lithuania;https://sunrisevalleydih.lt/en/;LT00;Lietuva (NUTS 2013)
Super IoT;University of Oulu Pentti Kaiteran katu 1;Oulu;Finland;http://www.superiot.fi;FI1D;Pohjois- ja Itä-Suomi
Sustainability factory;Leerparkpromenade, 50;Dordrecht;Netherlands;http://www.duurzaamheidsfabriek.nl/;NL33;Zuid-Holland
Swiss EdTech Collider;Chemin de la Dent d'Oche 1b;Ecublens;Switzerland;https://www.edtech-collider.ch;CH01;Région lémanique
Swiss Smart Factory (SSF);Aarbergstrasse 46;Biel;Switzerland;https://www.sipbb.ch/ssf;CH02;Espace Mittelland
SynHERA;rue des pieds d'alouettes 39;Naninne;Belgium;http://www.synhera.be;BE35;Prov. Namur
Systematic Paris Region;8 Avenue de la Vauve;Palaiseau;France;http://www.systematic-paris-region.org/;FR10;Île de France
Tallinn Science Park Tehnopol;Teaduspargi 6/1;Tallinn;Estonia;https://www.tehnopol.ee/;EE00;Eesti
Team Henri Fabre;Technoparc des Florides - RD 9 route de Martigues;Marignane;France;http://www.projet-henri-fabre.com/;FR82;Provence-Alpes-Côte d'Azur (NUTS 2013)
Tech Lane Ghent Science Park;Technologiepark 15;Ghent Zwijnaarde;Belgium;http://www.techlane.be/about/;BE23;Prov. Oost-Vlaanderen
TechHub Riga;Sporta iela, 2;"R&#299;ga";Latvia;https://riga.techhub.com;LV00;Latvija
TechMed Innovation Hub;Drienerlolaan 5;Enschede;Netherlands;https://www.utwente.nl/en/techmed/innovation/;NL21;Overijssel
TECHNICOM;Letná 9;Košice;Slovakia;http://technicom.tuke.sk/;SK04;Východné Slovensko
TECHNOLOGICKÉ CENTRUM Hradec Králové;Piletická 486/19;Hradec Králové;Czech Republic;https://www.tchk.cz/sluzby/inovace/digital-innovation-hub/;CZ05;Severovýchod
Technologie-Initiative SmartFactory KL e.V.;Trippstadter Str. 122;Kaiserslautern;Germany;https://smartfactory.de;DEB3;Rheinhessen-Pfalz
Technologies Added;Kapitein Grantstraat, 9;Emmen;Netherlands;https://www.technologiesadded.com/;NL13;Drenthe
Technologies for Efficiency Digital Innovation Hub Extremadura (T4E DIH);Avenida de la Investigación, s/n.  06006 Badajoz;Badajoz;Spain;http://www.dih4e.eu;ES43;Extremadura
TECHNOLOGIKO PANEPISTIMIO KYPROU;45 Kitiou Kyprianou Str.,;Limassol;Cyprus;;CY00;Kypros
Technology Park doo (SEEUTechPark);Ilindenska Str. 335/700a;Tetovo;North Macedonia;http://techpark.seeu.edu.mk/;MK00;Poranesna jugoslovenska Republika Makedonija
Technology Transfer via Multinational Application Experiments (TETRAMAX);Templergraben 55;Aachen;Germany;https://www.tetramax.eu;DEA2;Köln
Technoport SA;avenue des Hauts-Fourneaux, 9;Esch-sur-Alzette;Luxembourg;http://technoport.lu/online/www/function/aboutus/967/ENG/index.html;LU00;Luxembourg
TechQuartier;Platz der Einheit, 2;Frankfurt am Main;Germany;https://techquartier.com/;DE71;Darmstadt
TechSpace;Rruga Papa Gjon Pali II, Nr 3, Tirana;Tirana;Albania;https://techspace.al/;;
Techtéra: Increasing the competitivity of enterprises for collaborative innovation;2 rue des Mûriers;Lyon;France;https://www.techtera.org/;FR71;Rhône-Alpes (NUTS 2013)
TECNOCAMPUS TECHNOLOGY PARK;Avinguda Ernest lluch 32, 08302 Mataró, Barcelona;Mataró;Spain;https://www.tecnocampus.cat/;ES51;Cataluña
TEKNOLOGISK INSTITUT;Forskerparken 10;Odense M;Denmark;;DK03;Syddanmark
Teknopark Istanbul - Innovation Hub of Turkey;Sanayi Mah Teknopark Bulvari No:1 Pendik;Istanbul;Turkey;https://teknoparkistanbul.com.tr/en;TR10;Istanbul
TeraLab: Big Data and AI Platform for Research, Innovation, and Education;IMT, 2-2bis Villa Thoreton;Paris;France;https://www.teralab-datascience.fr/;FR10;Île de France
TERRASOLIS;Chambre Régionale d'Agriculture - Complexe agricole du Mont Berna;CHALONS EN CHAMPAGNE;France;;FR21;Champagne-Ardenne (NUTS 2013)
The Alexandra Institute - ICT-based innovation;Åbogade 34;Aarhus;Denmark;https://www.alexandra.dk;DK04;Midtjylland
The AMRC's Factory 2050;AMRC Factory 2050 Europa Avenue Sheffield S9 1ZA;Sheffield;United Kingdom;http://www.amrc.co.uk/facilities/factory-2050;UKE3;South Yorkshire
The High Value Manufacturing Catapult;Shirley;Solihull;United Kingdom;https://hvm.catapult.org.uk/;UKG3;West Midlands
The Irish Software Research Centre, Lero;Tierney Building, University of Limerick;Limerick;Ireland;http://www.lero.ie/;IE02;Southern and Eastern (NUTS 2013)
The KTH Innovation Hub of Digital Industrialization;Brinellvägen 85;Stockholm;Sweden;http://www.kth.se/iiothub;SE11;Stockholm
ThermoPlastic composites NL;Ariënsplein 1;Enschede;Netherlands;https://www.tpcnl.nl/;NL21;Overijssel
TNO Holst Centre;High Tech Campus 31;Eindhoven;Netherlands;https://www.holstcentre.com/;NL41;Noord-Brabant
Trakia Digital Innovation Hub;Tsar Asen №24;Plovdiv;Bulgaria;https://www.linkedin.com/company/digital-innovation-hub-trakya/about/?viewAsMember=true;BG42;Yuzhen tsentralen
Transilvania Digital Innovation Hub;Dimtrie Cantemir 1;Cluj-Napoca;Romania;https://transilvaniadih.ro/;RO11;Nord-Vest
Transilvania Digital Innovation Hub - Transilvania DIH;No 1, Dimitrie Cantemir Street;Cluj-Napoca;Romania;https://transilvaniait.ro/en/trasylvania-dih/;RO11;Nord-Vest
Transport Systems Catapult;Midsummer Blvd, 170;Milton Keynes;United Kingdom;https://ts.catapult.org.uk/;UKJ1;Berkshire, Buckinghamshire and Oxfordshire
Trentino Digital Innovation Hub;Via Alcide Degasperi, 77, 38123 Trento TN;Trento;Italy;https://dih-taa.eu/en/;ITH2;Provincia Autonoma di Trento
TValley;Ariensplein 1;Enschede;Netherlands;http://www.tvalley.nl;NL21;Overijssel
TVT Innovation - Pôle Mer Méditerranée;Maison du Numérique et de l’Innovation – Place Georges Pompidou;Toulon;France;http://www.tvt.fr/;FR82;Provence-Alpes-Côte d'Azur (NUTS 2013)
Tyndall National Institute, Tyndall;Lee Maltings  Dyke Parade;Cork;Ireland;https://www.tyndall.ie/;IE02;Southern and Eastern (NUTS 2013)
t2i - DIH Triveneto;Piazza delle Istituzioni, 34A;Treviso;Italy;https://www.t2i.it/dih;ITH3;Veneto
UK Digital Health Hub;Virtual;London;United Kingdom;http://invest.london/digital-health-hub;UKI4;Inner London - East
Umbria Digital Innovation Hub;Via Palermo, 80/a;Perugia;Italy;http://dih.confindustria.umbria.it;ITI2;Umbria
UNINOVA-INSTITUTO DE DESENVOLVIMENTO DE NOVAS TECNOLOGIAS-ASSOCIACAO;CAMPUS DA CAPARICA QUINTA DA TORRE;CAPARICA;Portugal;;PT17;Área Metropolitana de Lisboa
UniTransferKlinik (UTK);Maria-Goeppert-Str., 1;Lubeck;Germany;https://www.industrie-in-klinik.de/;DEF0;Schleswig-Holstein
UNIVERSIDAD DE NAVARRA;Av. Pearson, 21;Barcelona;Spain;;ES51;Cataluña
UNIVERSIDAD DE SALAMANCA;CALLE PATIO DE ESCUELAS 1;SALAMANCA;Spain;;ES41;Castilla y León
UNIVERSIDAD POLITECNICA DE CARTAGENA;DPTO. TIC, CUARTEL ANTIGONES;CARTAGENA;Spain;;ES62;Región de Murcia
UNIVERSITATEA DE VEST DIN TIMISOARA;BD VASILE PARVAN 4;TIMISOARA;Romania;;RO42;Vest
UNIVERSITATEA LUCIAN BLAGA DIN SIBIU;BD VICTORIEI 10;SIBIU;Romania;;RO12;Centru
University college HENALLUX;Rue Saint-Donat 130;Namur;Belgium;http://www.henallux.be/;BE35;Prov. Namur
University of Donja Gorica;Oktoih 1;Podgorica;Montenegro;https://www.udg.edu.me/en/;ME00;Crna Gora
University of Valencia Science Park DIH;Calle Catedrático Agustín Escardino, 9;Paterna (Valencia);Spain;https://www.pcuv.es/en/dih;ES52;Comunidad Valenciana
UNIVERZITET U NOVOM SADU FAKULTET TEHNICKIH NAUKA;TRG DOSITEJA OBRADOVICA  6;NOVI SAD;Serbia;;;
Urban ICT Arena;Electrum Foundation, Borgarfjordsgatan 12;Kista;Sweden;http://www.urbanictarena.se;SE11;Stockholm
VDTC of the Fraunhofer IFF;Joseph-von-Fraunhofer Str., 1;Magdeburg;Germany;https://www.produktion.fraunhofer.de/de/forschung-im-verbund/forschungskooperationen/digitalinnovationhubs.html;DEE0;Sachsen-Anhalt
Ventspils High Technology Park (VHTP);Ventspils Augsto tehnoloģiju parks, 1;Ventspils;Latvia;http://www.vhtp.lv/;LV00;Latvija
ViaMéca;14 avenue Leonard de Vinci;Clermont-Ferrand;France;http://www.viameca.fr/accueil-viameca.html;FR72;Auvergne (NUTS 2013)
ViDIH Visoriai Digital Innovation Hub;Mokslininkų  st. 2a;Vilnius;Lithuania;https://vitp.lt/vidih/?lang=en;LT00;Lietuva (NUTS 2013)
Vilnius Tech Park;Antakalnio str. 17;Vilnius;Lithuania;https://vilniustechpark.com;LT00;Lietuva (NUTS 2013)
Virtual Center for Digital Innovation NOSC-UA DIH;36 Vernadsky blvd;Kyiv;Ukraine;http://cloud-5.bitp.kiev.ua/?page_id=1256&lang=en;;
Virtual Vehicle Research Center;Inffeldgasse 21a;Graz;Austria;https://www.v2c2.at/;AT22;Steiermark
VITAGORA;67 rue des Godrans 21000 Dijon;Dijon;France;https://www.vitagora.com/en/vitagora/dih/;FR26;Bourgogne (NUTS 2013)
Vitus Bering Innovation Park;Chr. M. Østergaards Vej 4a;Horsens;Denmark;https://vitusbering.dk/;DK04;Midtjylland
VP Delta;Mekelweg, 4;Delft;Netherlands;http://www.vpdelta.nl/nl;NL33;Zuid-Holland
VRVis Zentrum für Virtual Reality und Visualisierung Forschungs-GmbH;Donau-City-Straße 11;Wien;Austria;http://www.vrvis.at;AT13;Wien
Wallachia eHub;Strada Ion Ghica 13;Bucharest;Romania;https://wallachiaehub.ro/en/about-us/;RO32;Bucuresti - Ilfov
Web Science Institute;University of Southampton, Highfield Campus;Southampton;United Kingdom;https://www.southampton.ac.uk/wsi;UKJ3;Hampshire and Isle of Wight
ZURCHER HOCHSCHULE FUR ANGEWANDTE WISSENSCHAFTEN;GERTRUDSTRASSE 15;WINTERTHUR;Switzerland;;CH04;Zürich
3D Makers Zone;Oudeweg 91-95;Haarlem;Netherlands;https://www.3dmakerszone.com/;NL32;Noord-Holland
3IF - Industrial Internet In Flanders;Weldadigheidsstraat 14;Leuven;Belgium;http://www.3if.eu;BE24;Prov. Vlaams-Brabant
3IF.be & 3IF.be Fieldlab;Kasteelpark 10;Heverlee;Belgium;http://www.3if.be;BE24;Prov. Vlaams-Brabant
4PDIH - Public Private People Partnership Digital Innovation Hub;Tržaška 25;Ljubljana;Slovenia;http://4pdih.com;SI04;Zahodna Slovenija
5G Fieldlab 5Groningen;Zernikelaan 17;GRONINGEN;Netherlands;https://www.5groningen.nl/;NL11;Groningen
5G Test Network Finland (5GTNF);Kaitoväylä 1;Oulu;Finland;http://5gtnf.fi/;FI1D;Pohjois- ja Itä-Suomi
5GBarcelona;c/ Gran Capità  2-4 Edifici Nexus I  2ª planta 203;Barcelona;Spain;http://www.5gbarcelona.cat/;ES51;Cataluña
5TONIC Open 5G Lab 5TONIC;Avenida del Mar Mediterráneo 22;Leganes, Madrid;Spain;https://www.5tonic.org;ES30;Comunidad de Madrid
7TB - 7 Technopoles de Bretagne;2 rue François Briant de Laubrière;QUIMPER;France;http://7technopoles-bretagne.bzh/;FR52;Bretagne (NUTS 2013)